,index,name,extra,process,harvest time,sub region,varietal,elevation,producer
396,96,Espresso Novo,Process Washed Natural/Dry Processed Harvest Time February 2017,Process Washed Natural/Dry Processed,Harvest Time February 2017,,,,
397,28,Buffalo Blend,Process Washed Natural/Dry Processed Sub Region Acatenango Varietal Bourbon,Process Washed Natural/Dry Processed,,Sub Region Acatenango,Varietal Bourbon,,
398,265,Cherry Picker,Process Washed Natural/Dry Processed Sub Region Guji Harvest Time December 2017-Febuary 2018 Varietal Mixed Heirloom Elevation 1900,Process Washed Natural/Dry Processed,Harvest Time December 2017-Febuary 2018,Sub Region Guji Harvest Time December 2017-Febuary 2018 Varietal Mixed Heirloom Elevation 1900,Varietal Mixed Heirloom Elevation 1900,Elevation 1900,
399,65,Blue Orchid Blend,Process Washed Natural/Dry Processed Sub Region Mogiana Huila Harvest Time Year-round offering harvest time varies Varietal Bourbon Castillo Colombia Elevation 1000,Process Washed Natural/Dry Processed,Harvest Time Year-round offering harvest time varies Varietal Bourbon Castillo Colombia Elevation 1000,Sub Region Mogiana Huila,Varietal Bourbon Castillo Colombia Elevation 1000,Elevation 1000,
400,111,Penrose v18,Process Washed Natural/Dry Processed Sub Region Santa Ana Producer Emilio Lopez Diaz Harvest Time October 2017 – February 2018 Varietal Pacas Elevation 1000,Process Washed Natural/Dry Processed,Harvest Time October 2017 – February 2018 Varietal Pacas Elevation 1000,Sub Region Santa Ana Producer Emilio Lopez Diaz Harvest Time October 2017 – February 2018 Varietal Pacas Elevation 1000,Varietal Pacas Elevation 1000,Elevation 1000,Producer Emilio Lopez Diaz Harvest Time October 2017 – February 2018 Varietal Pacas Elevation 1000
401,346,Phantom Limb Blend,Process Washed Natural/Dry Processed Sub Region Sidama Harvest Time November-April Varietal Ethiopian Heirloom Elevation 1700,Process Washed Natural/Dry Processed,Harvest Time November-April Varietal Ethiopian Heirloom Elevation 1700,Sub Region Sidama Harvest Time November-April Varietal Ethiopian Heirloom Elevation 1700,Varietal Ethiopian Heirloom Elevation 1700,Elevation 1700,
402,311,Organic Icebreaker Cold Brew,Process Washed Natural/Dry Processed Sub Region Tolima Colombia; Democracia Guatemala; Oromia Ethiopia. Producer Several Harvest Time April - November 2017 Varietal Caturra Catuai Pache Verde Ethiopian Heirloom types Elevation 1750,Process Washed Natural/Dry Processed,Harvest Time April - November 2017 Varietal Caturra Catuai Pache Verde Ethiopian Heirloom types Elevation 1750,Sub Region Tolima Colombia; Democracia Guatemala; Oromia Ethiopia,Varietal Caturra Catuai Pache Verde Ethiopian Heirloom types Elevation 1750,Elevation 1750,Producer Several Harvest Time April - November 2017 Varietal Caturra Catuai Pache Verde Ethiopian Heirloom types Elevation 1750
403,357,Organic Infrared,Process Washed Natural/Dry Processed Sub Region Tolima Democracia Harvest Time May 2017 Varietal Typica Caturra Bourbon Colombia Elevation 1750,Process Washed Natural/Dry Processed,Harvest Time May 2017 Varietal Typica Caturra Bourbon Colombia Elevation 1750,Sub Region Tolima Democracia Harvest Time May 2017 Varietal Typica Caturra Bourbon Colombia Elevation 1750,Varietal Typica Caturra Bourbon Colombia Elevation 1750,Elevation 1750,
404,226,Fishtown,Process Washed Natural/Dry Processed Varietal Arabica,Process Washed Natural/Dry Processed,,,Varietal Arabica,,
405,231,Bourbon,Process Washed Natural/Dry Processed Varietal Arabica,Process Washed Natural/Dry Processed,,,Varietal Arabica,,
406,218,Afrique,Process Washed Natural/Dry Processed Varietal Arabica,Process Washed Natural/Dry Processed,,,Varietal Arabica,,
407,382,Decaf Bitches Brew,Process Washed Natural/Dry Processed Varietal Arabica,Process Washed Natural/Dry Processed,,,Varietal Arabica,,
3,78,Sound & Vision,Process Washed Natural/Dry Processed Varietal Bourbon Caturra Castillo Colombia Ethiopian Heirloom Elevation 1000,Process Washed Natural/Dry Processed,,,Varietal Bourbon Caturra Castillo Colombia Ethiopian Heirloom,Elevation 1000,
409,448,Blackstrap,Process Washed Natural/Dry Processed Varietal Bourbon Caturra Catuai Catimor Icatu Mondo Novo Pacas Typica Ethiopia Heirloom Elevation 1200,Process Washed Natural/Dry Processed,,,Varietal Bourbon Caturra Catuai Catimor Icatu Mondo Novo Pacas Typica Ethiopia Heirloom,Elevation 1200,
410,451,Bistro Blend,Process Washed Natural/Dry Processed Varietal Bourbon Typica Elevation 1000,Process Washed Natural/Dry Processed,,,Varietal Bourbon Typica,Elevation 1000,
411,462,Bistro Blend,Process Washed Natural/Dry Processed Varietal Bourbon Typica Elevation 1000,Process Washed Natural/Dry Processed,,,Varietal Bourbon Typica,Elevation 1000,
412,350,Queen City,Process Washed Natural/Dry Processed Varietal Bourbon Typica Elevation 1200,Process Washed Natural/Dry Processed,,,Varietal Bourbon Typica,Elevation 1200,
413,50,Organic Espresso,Process Washed Natural/Dry Processed Varietal Bourbon Typica Elevation 1200,Process Washed Natural/Dry Processed,,,Varietal Bourbon Typica,Elevation 1200,
414,133,Caffe Del Sol,Process Washed Natural/Dry Processed Varietal Bourbon Typica,Process Washed Natural/Dry Processed,,,Varietal Bourbon Typica,,
415,260,Carmela's,Process Washed Natural/Dry Processed Varietal Brasil - Bourbon Mundo Novo. Colombia - Caturra Castillo Typica. Guatemala - Pache Caturra.,Process Washed Natural/Dry Processed,,,Varietal Brasil - Bourbon Mundo Novo. Colombia - Caturra Castillo Typica. Guatemala - Pache Caturra.,,
416,259,Carmela's,Process Washed Natural/Dry Processed Varietal Brasil - Bourbon Mundo Novo. Colombia - Caturra Castillo Typica. Guatemala - Pache Caturra.,Process Washed Natural/Dry Processed,,,Varietal Brasil - Bourbon Mundo Novo. Colombia - Caturra Castillo Typica. Guatemala - Pache Caturra.,,
417,388,Petunias,Process Washed Natural/Dry Processed Varietal Caturra,Process Washed Natural/Dry Processed,,,Varietal Caturra,,
418,154,Stoker,Process Washed Natural/Dry Processed Varietal Changes Seasonally,Process Washed Natural/Dry Processed,,,Varietal Changes Seasonally,,
419,327,Orion Signature Espresso,Process Washed Natural/Dry Processed Varietal Heirloom Bourbon Castillo Caturra,Process Washed Natural/Dry Processed,,,Varietal Heirloom Bourbon Castillo Caturra,,
420,102,East Coast,Process Washed Natural/Dry Processed Varietal Multiple,Process Washed Natural/Dry Processed,,,Varietal Multiple,,
421,36,Zip Zinger,Process Washed Natural/Dry Processed Varietal Various,Process Washed Natural/Dry Processed,,,Varietal Various,,
422,108,World's Best Espresso (WBC),Process Washed Natural/Dry Processed Varietal Various,Process Washed Natural/Dry Processed,,,Varietal Various,,
461,187,Indonesia Sumatra,Process Washed Wet-hulled,Process Washed Wet-hulled,,,,,
462,377,Indonesia,Process Wet-hulled Sub Region Northern Sumatra & Aceh Varietal Crowned Garuda (Arabica) Elevation 1100 - 1300,Process Wet-hulled,,Sub Region Northern Sumatra & Aceh,Varietal Crowned Garuda (Arabica),Elevation 1100 - 1300,
463,366,French Roast,Process Wet-hulled Sub Region Sumatra Java Varietal Catimor Bourbon Typica Caturra Elevation 1200 - 1500,Process Wet-hulled,,Sub Region Sumatra Java,Varietal Catimor Bourbon Typica Caturra,Elevation 1200 - 1500,
464,67,Indonesia Java Blue Batavia,Process Wet-hulled Sub Region West Java Varietal Linie S795 Jember Elevation 2300 - 2400,Process Wet-hulled,,Sub Region West Java,Varietal Linie S795 Jember,Elevation 2300 - 2400,
436,224,Chicago House Blend,Process Washed Pulped Natural Sub Region Cajamarca Minais Gerais Harvest Time October 2017 Varietal Typica Yellow Bourbon Elevation 1100,Process Washed Pulped Natural,Harvest Time October 2017 Varietal Typica Yellow Bourbon Elevation 1100,Sub Region Cajamarca Minais Gerais Harvest Time October 2017 Varietal Typica Yellow Bourbon Elevation 1100,Varietal Typica Yellow Bourbon,,
437,362,Blacksmith Espresso,Process Washed Pulped Natural Sub Region Carmo de Minas Tarrazu Tolima Harvest Time May 17-April 18 Varietal Yellow Catuai Colombia Castillo Elevation 945,Process Washed Pulped Natural,,Sub Region Carmo de Minas Tarrazu Tolima Harvest Time May 17-April 18 Varietal Yellow Catuai Colombia Castillo Elevation 945,,Elevation 1100,
438,363,Bassline Espresso Blend,Process Washed Pulped Natural Sub Region Minais Gerais Sidamo Harvest Time September 2017 Varietal Yellow Bourbon Heirloom Ethiopian Elevation 1100,Process Washed Pulped Natural,Harvest Time May 17-April 18 Varietal Yellow Catuai Colombia Castillo Elevation 945,,Varietal Yellow Catuai Colombia Castillo Elevation 945,Elevation 945,
439,468,Bear Hug Espresso,Process Washed Pulped Natural Sub Region Tarrazu Cajamarca Valle de Grama Producer Luis Ureña (CR) Valentin Guerrero Zurita (P) Carvalho Family (B) Harvest Time dec-apr (CR) may-aug (P) apr-sept (B) Varietal Catuai Bourbon Typica Caturra Yellow Bourbon Elevation 1800 (CR) 1350 (P) 950 (B),Process Washed Pulped Natural,Harvest Time dec-apr (CR) may-aug (P) apr-sept (B) Varietal Catuai Bourbon Typica Caturra Yellow Bourbon Elevation 1800 (CR) 1350 (P) 950 (B),Sub Region Tarrazu Cajamarca Valle de Grama Producer Luis Ureña (CR) Valentin Guerrero Zurita (P) Carvalho Family (B) Harvest Time dec-apr (CR) may-aug (P) apr-sept (B) Varietal Catuai Bourbon Typica Caturra Yellow Bourbon Elevation 1800 (CR) 1350 (P) 950 (B),Varietal Catuai Bourbon Typica Caturra Yellow Bourbon Elevation 1800 (CR) 1350 (P) 950 (B),Elevation 1800 (CR) 1350 (P) 950 (B),
0,88,El Salvador Santa Rosa Honey,Process Honey Sub Region Chalatenango Producer Jorge Raul Rivera Varietal Pacamara Elevation 1800 - 1850,Process Honey,,Sub Region Chalatenango Producer Jorge Raul Rivera Varietal Pacamara Elevation 1800 - 1850,Varietal Pacamara Elevation 1800 - 1850,Elevation 1800 - 1850,Producer Jorge Raul Rivera
1,90,Panama Hartmann Honey,Process Honey Sub Region Chiriqui Producer Hartmann Family Harvest Time Jan 2018 - March 2018 Elevation 1300,Process Honey,Harvest Time Jan 2018 - March 2018,Sub Region Chiriqui ,,Elevation 1300,Producer Hartmann Family 
2,430,El Salvador La Montanita,Process Honey Sub Region El Tùnel Chaletenango Producer Antonio René Aguilar Varietal Pacamara Elevation 1350 - 1700,Process Honey,,Sub Region El Tùnel Chaletenango,Varietal Pacamara,Elevation 1350 - 1700,Producer Antonio René Aguilar
3,443,Costa Rica Sumava,Process Honey Sub Region Lourdes de Naranjo West Valley Producer Francisco Mena Harvest Time January-April Elevation 1670,Process Honey,Harvest Time January-April,Sub Region Lourdes de Naranjo West Valley,,Elevation 1670,Producer Francisco Mena Harvest Time January-April Elevation 1670
4,464,Colombia Aponte Village,Process Honey Sub Region Nariño Varietal Caturra & Bourbon Elevation 2000 - 2100,Process Honey,,Sub Region Nariño ,Varietal Caturra & Bourbon,Elevation 2000 - 2100,
5,410,Costa Rica Francisco Ruiz,Process Honey Sub Region Tambor Producer Francisco Ruiz Bolaños & Jaime Ruiz Carmona Varietal Caturra Catuai Elevation 1600,Process Honey,,Sub Region Tambor ,Varietal Caturra Catuai,Elevation 1600,Producer Francisco Ruiz Bolaños & Jaime Ruiz Carmona
6,434,Costa Rica La Bandera,Process Honey Sub Region Tarrazu Producer Diego Hidalgo Harvest Time March 2018 Varietal Caturra Elevation null - 1900,Process Honey,Harvest Time March 2018,Sub Region Tarrazu,Varietal Caturra,Elevation null - 1900,Producer Diego Hidalgo
7,8,"Ethiopia, Semalo Pride Honey",Process Honey Sub Region Yirgacheffe Producer Firewoyne Tesfaye Harvest Time January - June 2017 Varietal Ethiopia Heirloom Elevation 1800 - 2100,Process Honey,Harvest Time January - June 2017,Sub Region Yirgacheffe,Varietal Ethiopia Heirloom ,Elevation 1800 - 2100,Producer Firewoyne Tesfaye
8,261,Burundi - Nkonge Natural,Process Natural/Dry Processed Producer Long Miles Coffee Project Varietal Bourbon Elevation 1900 - 2100,Process Natural/Dry Processed,,,Varietal Bourbon,Elevation 1900 - 2100,Producer Long Miles Coffee Project 
9,417,"El Molino, El Salvador",Process Natural/Dry Processed Producer The Salaverria family Varietal Bourbon,Process Natural/Dry Processed,,,Varietal Bourbon,,Producer The Salaverria family
10,284,Guatemala Finca Palestina Natural,Process Natural/Dry Processed Sub Region Acatenango Producer Joel Perez Harvest Time 2018 Elevation 1500,Process Natural/Dry Processed,Harvest Time 2018,Sub Region Acatenango,,Elevation 1500,Producer Joel Perez
11,79,Brazil Blue Diamond,Process Natural/Dry Processed Sub Region Cerrado Minero Varietal Arabica Elevation 800 - 1300,Process Natural/Dry Processed,,Sub Region Cerrado Minero ,Varietal Arabica ,Elevation 800 - 1300,
12,221,Daterra,Process Natural/Dry Processed Sub Region Cerrado Producer Luis Norberto Pascoal Harvest Time July 2017 Varietal Bourbon Elevation 3600 - 3900,Process Natural/Dry Processed,Harvest Time July 2017,Sub Region Cerrado,Varietal Bourbon ,Elevation 3600 - 3900,Producer Luis Norberto Pascoal
13,458,"Laurina, Brazil",Process Natural/Dry Processed Sub Region Cerrado Producer Luis Pascoal Harvest Time August-September 2016 Varietal Laurina Elevation 1100 - 1100,Process Natural/Dry Processed,Harvest Time August-September 2016 Varietal Laurina Elevation 1100 - 1100,Sub Region Cerrado,Varietal Laurina ,Elevation 1100 - 1100,Producer Luis Pascoal
14,240,Brazil Fazenda Primavera,Process Natural/Dry Processed Sub Region Chapada De Minas Producer Ricardo Tavares Harvest Time September 2017 Varietal Yellow Catuai Elevation 1000 - 1000,Process Natural/Dry Processed,Harvest Time September 2017,Sub Region Chapada De Minas ,Varietal Yellow Catuai,Elevation 1000 - 1000,Producer Ricardo Tavares 
15,293,Gesha Village 2016 Dry Process,Process Natural/Dry Processed Sub Region Gesha Producer Adam Overton and Rachel Samuel Harvest Time November-January 2015-2016 Varietal Heirloom Gesha Elevation 1900 - 2100,Process Natural/Dry Processed,Harvest Time November-January 2015-2016,Sub Region Gesha,Varietal Heirloom Gesha,Elevation 1900 - 2100,Producer Adam Overton and Rachel Samuel
16,10,Gesha Village 2017 Dry Process,Process Natural/Dry Processed Sub Region Gesha Producer Adam Overton and Rachel Samuel Harvest Time November-January 2016-2017 Varietal Heirloom Gesha Elevation 1900 - 2100,Process Natural/Dry Processed,Harvest Time November-January 2016-2017 ,Sub Region Gesha ,Varietal Heirloom Gesha ,Elevation 1900 - 2100,Producer Adam Overton and Rachel Samuel 
17,126,Water Processed Decaf,Process Natural/Dry Processed Sub Region Guaxupé Varietal Red Catuaí,Process Natural/Dry Processed,,Sub Region Guaxupé ,Varietal Red Catuaí,,
18,281,Decaf Ethiopia Kercha,Process Natural/Dry Processed Sub Region Guji Kercha Producer Small producers Harvest Time January 2018 Varietal Heriloom Elevation 1900 - 2100,Process Natural/Dry Processed,Harvest Time January 2018,Sub Region Guji Kercha,Varietal Heirloom,Elevation 1900 - 2100,Producer Small producers
19,207,Ethiopia Guji Organic,Process Natural/Dry Processed Sub Region Guji Varietal Heirloom,Process Natural/Dry Processed,,Sub Region Guji,Varietal Heirloom,,
20,77,Ethiopia,Process Natural/Dry Processed Sub Region Guji Varietal Indigenous Heirloom Cultivars Elevation 1900 - 2150,Process Natural/Dry Processed,,Sub Region Guji,Varietal Indigenous Heirloom Cultivar,Elevation 1900 - 2150,
21,24,Ethiopia Sidama Ardi,Process Natural/Dry Processed Sub Region Guji Borena Hagermariam District Producer Nardos Coffee Varietal Heirloom Elevation 1750 - 1800,Process Natural/Dry Processed,,Sub Region Guji Borena Hagermariam District,Varietal Heirloom,Elevation 1750 - 1800,Producer Nardos Coffee
22,118,Ethiopia Dimtu,Process Natural/Dry Processed Sub Region Hambela Harvest Time November 2017 - January 2018 Varietal Heirloom Elevation 2004 - 2004,Process Natural/Dry Processed,Harvest Time November 2017 - January 2018,Sub Region Hambela,Varietal Heirloom,Elevation 2004 - 2004,
23,250,Hambela Estate – Alaka,Process Natural/Dry Processed Sub Region Hambela Guji Producer Adinew Harvest Time October 2017 – January 2018 Varietal Heirloom Elevation 1900 - 2200,Process Natural/Dry Processed,Harvest Time October 2017 – January 2018,Sub Region Hambela Guji,Varietal Heirloom,Elevation 1900 - 2200,Producer Adinew
24,138,Limmu Kossa Estate Natural Ethiopia,Process Natural/Dry Processed Sub Region Jimma Varietal Heirloom Elevation 1800 - 2100,Process Natural/Dry Processed,,Sub Region Jimma,Varietal Heirloom,Elevation 1800 - 2100,
25,37,Ethiopia Ardi,Process Natural/Dry Processed Sub Region Kilenso Mokonisa Sidama Producer Various Smallholders Israel Degefa Wet Mill Varietal Ethiopian Heirloom Elevation 1800 - 2100,Process Natural/Dry Processed,,Sub Region Kilenso Mokonisa Sidama,Varietal Ethiopian Heirloom,Elevation 1800 - 2100,Producer Various Smallholders Israel Degefa Wet Mill
26,403,Ethiopia Kochere,Process Natural/Dry Processed Sub Region Kochere Varietal Heirloom Elevation 1800 - 1900,Process Natural/Dry Processed,,Sub Region Kochere,Varietal Heirloom,Elevation 1800 - 1900,
27,35,"Party, Ethiopia",Process Natural/Dry Processed Sub Region Kore Kochere Producer Boji Washing Station Harvest Time December 2017 - January 2018 Varietal Heirloom Elevation 1800 - 1900,Process Natural/Dry Processed,Harvest Time December 2017 - January 2018,Sub Region Kore Kochere,Varietal Heirloom,Elevation 1800 - 1900,Producer Boji Washing Station
28,66,Brasil Fazenda Furnas,Process Natural/Dry Processed Sub Region Minas Gerais Producer Rinaldo de Castro Junqueira Varietal Yellow Bourbon Elevation 1350 - 1350,Process Natural/Dry Processed,,Sub Region Minas Gerais,Varietal Yellow Bourbon,Elevation 1350 - 1350,Producer Rinaldo de Castro Junqueira
29,223,Decaf Blackstrap,Process Natural/Dry Processed Sub Region Mogiana Harvest Time May-July Elevation 800 - 1200,Process Natural/Dry Processed,Harvest Time May-July,Sub Region Mogian,,Elevation 800 - 1200,
30,16,Costa Rica Perla Negra Natural,Process Natural/Dry Processed Sub Region Sabanilla de Alajuela Central Valley Producer Oscar and Francisca Chacon Varietal Various Elevation 1450,Process Natural/Dry Processed,,Sub Region Sabanilla de Alajuela Central Valley,Varietal Various,Elevation 1450,Producer Oscar and Francisca Chacon
31,15,Ethiopia Bensa Shantawene Natural,Process Natural/Dry Processed Sub Region Sidama Harvest Time November through February Varietal Mikicho Setami Heirloom Elevation 2000 - 2300,Process Natural/Dry Processed,Harvest Time November through February,Sub Region Sidama,Varietal Mikicho Setami Heirloom,Elevation 2000 - 2300,
40,20,Brasil,Process Pulped Natural Sub Region Carmo de Minas Varietal Yellow bourbon,Process Pulped Natural,,Sub Region Carmo de Minas,Varietal Yellow bourbon,,
41,289,"Daterra, Brazil",Process Pulped Natural Sub Region Cerrado Producer Luis Norberto Pascoal Harvest Time July-September Varietal Bourbon Elevation 1200 - 1200,Process Pulped Natural,Harvest Time July-September,Sub Region Cerrado,Varietal Bourbon,Elevation 1200 - 1200,Producer Luis Norberto Pascoal
42,251,El Salvador,Process Pulped Natural Sub Region Juayua Producer Jose Antonio Salaverria Varietal Bourbon & Pacas Elevation 1500 - 1750,Process Pulped Natural,,Sub Region Juayua,Varietal Bourbon & Pacas,Elevation 1500 - 1750,Producer Jose Antonio Salaverria
43,243,Decaf Chicago House Blend,Process Pulped Natural Sub Region Minais Gerais Harvest Time September 2017 Varietal Bourbon Icatu Elevation 1100,Process Pulped Natural,Harvest Time September 2017,Sub Region Minais Gerais,Varietal Bourbon Icatu,Elevation 1100,
44,338,Brazil Fazenda Primavera,Process Pulped Natural Sub Region Minais Gerais Harvest Time September 2017 Varietal Mundo Novo Elevation 1000 - 1050,Process Pulped Natural,Harvest Time September 2017,Sub Region Minais Gerais,Varietal Mundo Novo,Elevation 1000 - 1050,
45,140,Brazil Matas de Minas,Process Pulped Natural Sub Region Minas Gerais Producer Mixed Varietal Mixed Elevation 1200 - 1300,Process Pulped Natural,,Sub Region Minas Gerais,Varietal Mixed,Elevation 1200 - 1300,Producer Mixed
46,135,Brazil Matas de Minas,Process Pulped Natural Sub Region Minas Gerais Producer Mixed Varietal Mixed Elevation 1200 - 1300,Process Pulped Natural,,Sub Region Minas Gerais,Varietal Mixed,Elevation 1200 - 1300,Producer Mixed
47,365,Binary Espresso,Process Pulped Natural Sub Region Mogiana Harvest Time 2017 Varietal Bourbon,Process Pulped Natural,Harvest Time 2017,Sub Region Mogiana,Varietal Bourbon,,
48,321,Brazil,Process Pulped Natural Sub Region Patos de Minas Producer Wagner Ferrero Varietal Yellow Catuai Yellow Bourbon Elevation 1150,Process Pulped Natural,,Sub Region Patos de Minas,Varietal Yellow Catuai Yellow Bourbon,Elevation 1150,Producer Wagner Ferrero
49,143,"Serra Negra, Brazil",Process Pulped Natural Sub Region South Minas Varietal Bourbon Typica Catuai,Process Pulped Natural,,Sub Region South Minas,Varietal Bourbon Typica Catuai,,
50,344,Sumatra,Process Pulped Natural Varietal Hibrido de Timo Bourbon,Process Pulped Natural,,,Varietal Hibrido de Timo Bourbon,,
51,136,Three Pillars,Process Pulped Natural Honey Sub Region Minas Gerais Nueva Segovia Central Valley Producer Mixed Henry Marin Alberto Guardia Varietal Bourbon Catuai Elevation 1200,Process Pulped Natural,,Sub Region Minas Gerais Nueva Segovia Central Valley,Varietal Bourbon Catuai ,Elevation 1200,Producer Mixed Henry Marin Alberto Guardia
52,141,Three Pillars,Process Pulped Natural Honey Sub Region Minas Gerais Nueva Segovia Central Valley Producer Mixed Henry Marin Alberto Guardia Varietal Bourbon Catuai Elevation 1200,Process Pulped Natural,,Sub Region Minas Gerais Nueva Segovia Central Valley,Varietal Bourbon Catuai,Elevation 1200,Producer Mixed Henry Marin Alberto Guardia
53,31,Oktoberfest,Process Washed Elevation 1750,Process Washed,,,,Elevation 1750,
54,299,Decaf Espresso,Process Washed Elevation 800,Process Washed,,,,Elevation 800,
55,239,Decaf Brazil,Process Washed Elevation 800,Process Washed,,,,Elevation 800,
56,64,Alchemy,Process Washed Harvest Time 2018 Varietal Caturra Catuai Elevation 1190,Process Washed,Harvest Time 2018,,Varietal Caturra Catuai,Elevation 1190,
72,424,Guatemala El Zapote Caturra,Process Washed Sub Region Acatenango Producer Julio Perez Harvest Time 2018,Process Washed,Harvest Time 2018,Sub Region Acatenango,,,Producer Julio Perez
73,186,Acatenango Gesha,Process Washed  ,Process Washed,Harvest Time March-April 2017,Sub Region Acetenango,Varietal Gesha,Elevation 1500 - 1500,
74,459,Colombia Guillermo Rojas,Process Washed Sub Region Acevedo Producer Guillermo Rojas Harvest Time October-December 2017 Varietal Colombia Castillo Elevation 1500 - 1500,Process Washed,Harvest Time October-December 2017 ,Sub Region Acevedo ,Varietal Colombia Castillo,Elevation 1500 - 1500,Producer Guillermo Rojas
75,295,Colombia Jhon Wilson Poveda,Process Washed Sub Region Acevedo Producer Jhon Wilson Poveda Harvest Time October-December 2017 Varietal Caturra Colombia Castillo Elevation 1850 - 1850,Process Washed,Harvest Time October-December 2017,Sub Region Acevedo,Varietal Caturra Colombia Castillo,Elevation 1850 - 1850,Producer Jhon Wilson Poveda
76,17,Gotham,Process Washed Sub Region Ahuachapán Producer The Salaverria family Varietal Bourbon Catuai Elevation 1350,Process Washed,,Sub Region Ahuachapán,Varietal Bourbon Catuai,Elevation 1350,Producer The Salaverria family
77,287,Streetlevel,Process Washed Sub Region Alotenango Chimaltenango Harvest Time November-February Elevation 1500,Process Washed,Harvest Time November-February,Sub Region Alotenango Chimaltenango,,Elevation 1500,
78,180,Guatemala Aragon,Process Washed Sub Region Antigua Producer Alejandro Zelaya Andrade Harvest Time January - April Varietal Bourbon Catuai Caturra Elevation 1600 meters - 1600 meters,Process Washed,Harvest Time January - April,Sub Region Antigua,Varietal Bourbon Catuai Caturra,Elevation 1600 meters - 1600 meters,Producer Alejandro Zelaya Andrade
79,178,Furry Creatures,Process Washed Sub Region Antigua Producer Luis Pedro Zelaya Zamora Varietal Bourbon Elevation null - 1700 MASL,Process Washed,,Sub Region Antigua,Varietal Bourbon,Elevation null - 1700 MASL,Producer Luis Pedro Zelaya Zamora
80,182,Guatemala Pulcal Yellow Bourbon,Process Washed Sub Region Antigua Producer Maria Zelaya Aguirre Harvest Time December - March Varietal Yellow Bourbon Elevation 1600 - 1600,Process Washed,Harvest Time December - March,Sub Region Antigua,Varietal Yellow Bourbon,Elevation 1600 - 1600,Producer Maria Zelaya Aguirre
81,184,Hunapu Guatemala,Process Washed Sub Region Antigua Producer Various Antiguan Producers Varietal Bourbon Elevation 1500 - 1800,Process Washed,,Sub Region Antigua,Varietal Bourbon,Elevation 1500 - 1800,Producer Various Antiguan Producers
82,466,Bella Carmona,Process Washed Sub Region Antigua Producer Zelaya Family Varietal Caturra Bourbon Tekisic Dwarf Bourbon Bourbon 300 Elevation 1500 - 1800,Process Washed,,Sub Region Antigua,Varietal Caturra Bourbon Tekisic Dwarf Bourbon Bourbon 300,Elevation 1500 - 1800,Producer Zelaya Family 
83,421,"Pulcal, Guatemala",Process Washed Sub Region Antigua Varietal Bourbon & Typica,Process Washed,,Sub Region Antigua,Varietal Bourbon & Typica,,
84,376,Guatemala,Process Washed Sub Region Antigua Varietal Pache Catuai Elevation 1400 - 2100,Process Washed,,Sub Region Antigua,Varietal Pache Catuai,Elevation 1400 - 2100,
85,441,Colombia Luis Alberto Montoya,Process Washed Sub Region Antioquia Producer Luis Alberto Montoya Varietal Caturra Elevation null - 1980,Process Washed,,Sub Region Antioquia,Varietal Caturra,Elevation null - 1980,Producer Luis Alberto Montoya
86,42,Onyx Cold Brew,Process Washed Sub Region Antioquia Varietal Caturra Typica Bourbon Elevation 1600 - 1650,Process Washed,,Sub Region Antioquia,Varietal Caturra Typica Bourbon,Elevation 1600 - 1650,
87,106,Colombia Santa Barbara,Process Washed Sub Region Antioquia Varietal Colombia Caturra Elevation 1400 - 2000,Process Washed,,Sub Region Antioquia,Varietal Colombia Caturra,Elevation 1400 - 2000,
88,447,Antigua La Flor,Process Washed Sub Region Antiqua Producer La Flor Del Cafe Varietal Bourbon Caturra Catuai Elevation 5500 - 6000,Process Washed,,Sub Region Antigua,Varietal Bourbon Caturra Catuai ,Elevation 5500 - 6000,Producer La Flor Del Cafe 
89,123,Montecarlos Pacamara,Process Washed Sub Region Apaneca Producer Carlos and Julie Batres Harvest Time February-March Varietal Pacamara Elevation 1600 - 1800,Process Washed,Harvest Time February-March Varietal Pacamara,Sub Region Apaneca,,Elevation 1600 - 1800,Producer Carlos and Julie Batres
90,95,Montecarlos Bourbon,Process Washed Sub Region Apaneca Producer Carlos and Julie Batres Harvest Time January-March Varietal Bourbon Elevation 1600 - 1800,Process Washed,Harvest Time January-March,Sub Region Apaneca,Varietal Bourbon,Elevation 1600 - 1800,Producer Carlos and Julie Batres
91,301,Stowaway,Process Washed Sub Region Apaneca Yirgacheffe Producer Carlos Batres and N/A Harvest Time February-March and November-January Varietal Caturra Catuaí Heirloom landraces Elevation 1600,Process Washed,Harvest Time February-March and November-January,Sub Region Apaneca Yirgacheffe Producer Carlos Batres and N/A Harvest Time February-March and November-January Varietal Caturra Catuaí Heirloom landraces Elevation 1600,Varietal Caturra Catuaí Heirloom landraces,Elevation 1600,Producer Carlos Batres and N/A
92,166,Papua New Guinea Amuliba,Process Washed Sub Region Banz Jiwaka Province Producer Ambuliba Estate Harvest Time March 2019 Varietal Typica Bourbon Elevation 1480 - 1480,Process Washed,Harvest Time March 2019,Sub Region Banz Jiwaka Province,Varietal Typica Bourbon,Elevation 1480 - 1480,Producer Ambuliba Estate
93,279,Tikur Anbessa Organic Ethiopia,Process Washed Sub Region Benti Nenqa and Buku Guji Zone Producer Smallholders and METAD Harvest Time December 2016 - January 2017 Varietal Ethiopian heirlooms,Process Washed,Harvest Time December 2016 - January 2017,Sub Region Benti Nenqa and Buku Guji Zone,Varietal Ethiopian heirlooms,,Producer Smallholders and METAD
94,450,Keystone,Process Washed Sub Region Boquete Yirgacheffe Producer Vidal Suarez N/S Harvest Time March-April November-January Varietal Typica Heirloom landraces Elevation 1600,Process Washed,Harvest Time March-April November-January,Sub Region Boquete Yirgacheffe,Varietal Typica Heirloom landraces,Elevation 1600,Producer Vidal Suarez N/S
95,337,Night Moves Dark Roast,Process Washed Sub Region Cajamarca Harvest Time October 2017 Varietal Typica Bourbon Elevation 1500,Process Washed,Harvest Time October 2017 ,Sub Region Cajamarca,Varietal Typica Bourbon,Elevation 1500,
96,296,Filadelpo Mejia,Process Washed Sub Region Cajamarca Producer Filadelpo Mejia Harvest Time May-August 2017 Varietal Caturra Elevation 1850 - 1850,Process Washed,Harvest Time May-August 2017,Sub Region Cajamarca,Varietal Caturra,Elevation 1850 - 1850,Producer Filadelpo Mejia
97,328,Decaf Union Blend,Process Washed Sub Region Cajamarca Varietal Typica Caturra Bourbon Elevation 1200,Process Washed,,Sub Region Cajamarca,Varietal Typica Caturra Bourbon,Elevation 1200,
98,82,The Daily,Process Washed Sub Region Cajamarca Peru; Huila Colombia Varietal Typica Caturra Pache and Bourbon Elevation 1200,Process Washed,,Sub Region Cajamarca Peru; Huila Colombia,Varietal Typica Caturra Pache and Bourbon,Elevation 1200,
99,232,The Waverly,Process Washed Sub Region Cajamarca Peru; Tarqui Huila Colombia Harvest Time Peru: July-September Colombia: April-July September-February Varietal Typica Caturra Bourbon Pache Colombia Elevation 1200,Process Washed,Harvest Time Peru: July-September Colombia: April-July September-February,Sub Region Cajamarca Peru; Tarqui Huila Colombia,Varietal Typica Caturra Bourbon Pache Colombia,Elevation 1200,
100,380,PH Blend,Process Washed Sub Region Cajamarca Sidamo Harvest Time October 2017 Varietal Typica Heirloom Ethiopia Elevation 1500,Process Washed,Harvest Time October 2017,Sub Region Cajamarca Sidamo,Varietal Typica Heirloom Ethiopia,Elevation 1500,
101,425,Decaf Caldas,Process Washed Sub Region Caldas Harvest Time January – February 2018 Elevation 1200,Process Washed,Harvest Time January – February 2018,Sub Region Caldas,,Elevation 1200,
102,152,Colombia La Primavera Decaf,Process Washed Sub Region Caldas Varietal Caturra Castillo Bourbon,Process Washed,,Sub Region Caldas,Varietal Caturra Castillo Bourbon,,
103,132,Decaf Colombia,Process Washed Sub Region Caldas Varietal Caturra Castillo Colombia,Process Washed,,Sub Region Caldas,Varietal Caturra Castillo Colombia,,
104,69,Seabright House Blend,Process Washed Sub Region Cauca Elevation 1700,Process Washed,,Sub Region Cauca,,Elevation 1700,
105,413,Colombia Cauca,Process Washed Sub Region Cauca Harvest Time Jul-Sep 17 Varietal Castillo Elevation 1200 - 2100,Process Washed,Harvest Time Jul-Sep 17 ,Sub Region Cauca ,Varietal Castillo,Elevation 1200 - 2100,
106,356,Decaffeinated Colombia San Jose,Process Washed Sub Region Cauca Producer Mixed Varietal Caturra Elevation 1400,Process Washed,,Sub Region Cauca,Varietal Caturra,Elevation 1400,Producer Mixed
107,40,Buena Vista,Process Washed Sub Region Cauca Producer Various Harvest Time December - April Elevation 1700,Process Washed,Harvest Time December - April,Sub Region Cauca,,Elevation 1700,Producer Various
108,432,Costa Rica Naranjo,Process Washed Sub Region Cañuela Naranjo West Valley Varietal Caturra Catuai Elevation 1000 - 1400,Process Washed,,Sub Region Cañuela Naranjo West Valley,Varietal Caturra Catuai,Elevation 1000 - 1400,
109,33,Kenya Gaturiri,Process Washed Sub Region Central Kenya Nyeri Producer Barichu Cooperative Society Harvest Time November - February Varietal SL-28 SL-24 Elevation 1750 - 1750,Process Washed,Harvest Time November - February ,Sub Region Central Kenya Nyeri Producer Barichu Cooperative Society,Varietal SL-28 SL-24,Elevation 1750 - 1750,
110,416,El Salvador Santa Rosa Washed,Process Washed Sub Region Chalatenango Producer Jorge Raul Rivera Varietal Pacamara Elevation 1800 - 1850,Process Washed,,Sub Region Chalatenango,Varietal Pacamara ,Elevation 1800 - 1850,Producer Jorge Raul Rivera
111,302,"Vicente Diaz, El Salvador",Process Washed Sub Region Chalatenango Producer Vicente Rafael Diaz Elevation 1350,Process Washed,,Sub Region Chalatenango,,Elevation 1350,Producer Vicente Rafael Diaz
112,205,Kurimi Organic Ethiopia,Process Washed Sub Region Chelbesa Gedeo Zone Producer Metad + local smallholders Harvest Time December 2017 - January 2018 Varietal Ethiopian heirlooms,Process Washed,Harvest Time December 2017 - January 2018,Sub Region Chelbesa Gedeo Zone,Varietal Ethiopian heirlooms,,Producer Metad + local smallholders
113,198,Kurimi Organic Ethiopia,Process Washed Sub Region Chelbesa Gedeo Zone Producer Metad + local smallholders Harvest Time December 2017 - January 2018 Varietal Ethiopian heirlooms,Process Washed,Harvest Time December 2017 - January 2018,Sub Region Chelbesa Gedeo Zone,Varietal Ethiopian heirlooms,,Producer Metad + local smallholders
114,252,Jackie Oh Decaf,Process Washed Sub Region Chiapas Varietal Various,Process Washed,,Sub Region Chiapas,Varietal Various,,
115,412,Bella Luna Decaf,Process Washed Sub Region Chiapas Varietal Various,Process Washed,,Sub Region Chiapas,Varietal Various,,
116,372,Finca La Union,Process Washed Sub Region Chirinos Varietal Caturra Typica Elevation 1800 - 1800,Process Washed,,Sub Region Chirinos,Varietal Caturra Typica,Elevation 1800 - 1800,
117,119,Panama Ojo De Agua,Process Washed Sub Region Chiriqui Producer Hartmann Family Harvest Time Jan 2018 - March 2018 Elevation 1600,Process Washed,Harvest Time Jan 2018 - March 2018,Sub Region Chiriqui,,Elevation 1600,Producer Hartmann Family
118,75,Intelligentsia House Blend,Process Washed Sub Region Colombia Rwanda Peru,Process Washed,,Sub Region Colombia Rwanda Peru,,,
119,163,Organic Guatemala Concepción,Process Washed Sub Region Concepcion Huista Producer CODECH Cooperative Harvest Time Janurary - April 2018 Varietal Caturra Catuai Pache Verde Bourbon Elevation 1500 - 2000,Process Washed,Harvest Time Janurary - April 2018,Sub Region Concepcion Huista Producer CODECH Cooperative,Varietal Caturra Catuai Pache Verde Bourbon,Elevation 1500 - 2000,
120,234,Organic Driftless,Process Washed Sub Region Concepcion Huista Producer CODECH Cooperative Harvest Time March 2017 Varietal Caturra Catuai Pache Verde Bourbon & Colombia Castillo Elevation 1750,Process Washed,Harvest Time March 2017,Sub Region Concepcion Huista Producer CODECH Cooperative ,Varietal Caturra Catuai Pache Verde Bourbon & Colombia Castillo,Elevation 1750,
121,273,"Juan Domingo, Guatemala",Process Washed Sub Region Concepción Huista Huehuetenango Producer Juan Domingo Varietal Caturra Pache Verde Elevation 1600 - 1700,Process Washed,,Sub Region Concepción Huista Huehuetenango,Varietal Caturra Pache Verde,Elevation 1600 - 1700,Producer Juan Domingo
122,418,"Capucas, Honduras",Process Washed Sub Region Copan Producer Las Capucas Varietal Caturra Bourbon Catuai Pacas,Process Washed,,Sub Region Copan,Varietal Caturra Bourbon Catuai Pacas,,Producer Las Capucas
123,313,"El Piquin, Costa Rica",Process Washed Sub Region Dota Varietal Caturra & Catuai,Process Washed,,Sub Region Dota,Varietal Caturra & Catuai,,
124,54,"Santa Tereza, Costa Rica",Process Washed Sub Region Dota Varietal red & yellow catuaí,Process Washed,,Sub Region Dota,Varietal red & yellow catuaí,,
125,264,Flecha Roja Costa Rica,Process Washed Sub Region Dota Tarrazu Producer Roberto & Michael Mata Harvest Time January - February 2018 Varietal Caturra Catuai,Process Washed,Harvest Time January - February 2018,Sub Region Dota Tarrazu,Varietal Caturra Catuai,,Producer Roberto & Michael Mata
126,326,Honduras Alma Pineda,Process Washed Sub Region El Cedral Santa Barbara Producer Alma Pineda Harvest Time February 2018 - May 2018 Elevation 1400,Process Washed,Harvest Time February 2018 - May 2018,Sub Region El Cedral Santa Barbara,,Elevation 1400,Producer Alma Pineda
127,428,Honduras Nelson Ramirez,Process Washed Sub Region El Cielito Santa Barbara Producer Nelson Ramirez Elevation 1450,Process Washed,,Sub Region El Cielito Santa Barbara,,Elevation 1450,Producer Nelson Ramirez
128,92,Ethiopia Banko Gotiti,Process Washed Sub Region Gedab Harvest Time October 2017 - January 2018 Varietal Heirloom Elevation 1900 - 2100,Process Washed,Harvest Time October 2017 - January 2018,Sub Region Gedab,Varietal Heirloom,Elevation 1900 - 2100,
129,444,Ethiopia Sakaro,Process Washed Sub Region Gedeb District Producer Various Smallholder Farmers Harvest Time December - March Varietal Ethiopia Heirloom Elevation 2000 - 2400,Process Washed,Harvest Time December - March,Sub Region Gedeb District,Varietal Ethiopia Heirloom,Elevation 2000 - 2400,Producer Various Smallholder Farmers
130,185,Ethiopia Worka Sakaro,Process Washed Sub Region Gedeb Producer Mr. Mijane Harvest Time Winter 2018 Varietal Heirloom Elevation 2000,Process Washed,Harvest Time Winter 2018,Sub Region Gedeb,Varietal Heirloom,Elevation 2000,Producer Mr. Mijane
131,401,Ethiopia Wuri,Process Washed Sub Region Gedeb Producer Small Producers Harvest Time January 2018 Varietal Heirloom Elevation 1900 - 2100,Process Washed,Harvest Time January 2018,Sub Region Gedeb,Varietal Heirloom,Elevation 1900 - 2100,Producer Small Producers
132,266,Ethiopia Sakaro,Process Washed Sub Region Gedeb Yirgacheffe Producer Small Producers Harvest Time January 2018 Varietal Heirloom Elevation 1900 - 2100,Process Washed,Harvest Time January 2018 ,Sub Region Gedeb Yirgacheffe,Varietal Heirloom,Elevation 1900 - 2100,Producer Small Producers
133,324,Ethiopia Chelbessa,Process Washed Sub Region Gedeo Yirgacheffe Producer Various Smallholders Harvest Time June 2018 Elevation 2100,Process Washed,Harvest Time June 2018,Sub Region Gedeo Yirgacheffe,,Elevation 2100,Producer Various Smallholders
134,453,Gesha Village 2017 Wet Processed,Process Washed Sub Region Gesha Producer Adam Overton and Rachel Samuel Harvest Time November-January 2016-2017 Varietal Heirloom Gesha Elevation 1900 - 2100,Process Washed,Harvest Time November-January 2016-2017,Sub Region Gesha,Varietal Heirloom Gesha,Elevation 1900 - 2100,Producer Adam Overton and Rachel Samuel
135,248,Decaf Los Gigantes,Process Washed Sub Region Gigante Huila Department Producer Desarrollo Producer Group Harvest Time Summer 2017 Varietal Caturra,Process Washed,Harvest Time Summer 2017,Sub Region Gigante Huila Department,Varietal Caturra,,Producer Desarrollo Producer Group
136,26,El Socorro Maracaturra,Process Washed Sub Region Guatemala Department Producer Juan Diego de la Cerda Varietal Maracaturra Elevation 1750 - 1750,Process Washed,,Sub Region Guatemala Department,Varietal Maracaturra,Elevation 1750 - 1750,Producer Juan Diego de la Cerda
137,285,Ethiopia Yabitu Koba,Process Washed Sub Region Guji Uraga Producer Hana Asrat washing station managed by Feku Jebril Elevation 2160,Process Washed,,Sub Region Guji Uraga,,Elevation 2160,Producer Hana Asrat washing station managed by Feku Jebril
138,446,Ethiopia Tabe Burka,Process Washed Sub Region Guji Harvest Time Spring 2018 Varietal Heirloom Elevation 1850,Process Washed,Harvest Time Spring 2018,Sub Region Guji,Varietal Heirloom,Elevation 1850,
139,272,Ethiopia Layo Teraga Washed,Process Washed Sub Region Guji Varietal Heirloom Elevation 1800 - 2200,Process Washed,,Sub Region Guji,Varietal Heirloom,Elevation 1800 - 2200,
140,116,"Yabitu Koba, Ethiopia",Process Washed Sub Region Guji Varietal Heirloom Elevation null - 2300,Process Washed,,Sub Region Guji,Varietal Heirloom,Elevation null - 2300,
141,200,Colombia Luis Reinoso,Process Washed Sub Region Herrera Tolima Producer Luis and Yenny Reinoso Harvest Time November 2017 Varietal Caturra Bourbon Elevation 1700 - 1800,Process Washed,Harvest Time November 2017,Sub Region Herrera Tolima,Varietal Caturra Bourbon,Elevation 1700 - 1800,Producer Luis and Yenny Reinoso
142,455,"Las Palomas, Guatemala",Process Washed Sub Region Huehuetenango Harvest Time February-April 2017 Varietal Bourbon Caturra Catuaí Elevation 1800 - 1975,Process Washed,Harvest Time February-April 2017,Sub Region Huehuetenango ,Varietal Bourbon Caturra Catuaí,Elevation 1800 - 1975,
143,84,"Santo Domingo Women's Co-op, Guatemala","Process Washed Sub Region Huehuetenango Producer ""Santo Domingo Womens Co-op"" Varietal Caturra Catuai Elevation 1200 - 1400",Process Washed,,Sub Region Huehuetenango ,Varietal Caturra Catuai,Elevation 1200 - 1400,"Producer ""Santo Domingo Womens Co-op"""
144,63,"Guatemala, Finca Chalum",Process Washed Sub Region Huehuetenango Producer Armando Gomez Varietal pache verde caturra bourbon Elevation 1750 - 1940,Process Washed,,Sub Region Huehuetenango ,Varietal pache verde caturra bourbon,Elevation 1750 - 1940,Producer Armando Gomez
145,454,El Injerto Pacamara,Process Washed Sub Region Huehuetenango Producer Arturo Aguirre Harvest Time March 2017 Varietal Pacamara Elevation 1750 - 1750,Process Washed,Harvest Time March 2017,Sub Region Huehuetenango ,Varietal Pacamara,Elevation 1750 - 1750,Producer Arturo Aguirre
146,404,Guatemala El Olvido,Process Washed Sub Region Huehuetenango Producer Danny Perez Varietal Pacamara Elevation 1700 - 1750,Process Washed,,Sub Region Huehuetenango ,Varietal Pacamara,Elevation 1700 - 1750,Producer Danny Perez
147,175,Guatemala Finca Isnul,Process Washed Sub Region Huehuetenango Producer Danny Perez Varietal Pacamara Elevation 1700 - 1750,Process Washed,,Sub Region Huehuetenango ,Varietal Pacamara,Elevation 1700 - 1750,Producer Danny Perez
148,148,Guatemala Ocelot,Process Washed Sub Region Huehuetenango Producer Dr. Carlos Roberto Serrano Roa Harvest Time December 2017 - March 2018 Varietal Anacafe 14 Pache Caturra Sarchimor Elevation 1500 - 1600,Process Washed,Harvest Time December 2017 - March 2018 ,Sub Region Huehuetenango ,Varietal Anacafe 14 Pache Caturra Sarchimor ,Elevation 1500 - 1600,Producer Dr. Carlos Roberto Serrano Roa
149,87,Guatemala Cerro Grande,Process Washed Sub Region Huehuetenango Producer Ivan Ovalle Harvest Time Spring 2018 Varietal Bourbon Typica Caturra Elevation 1500 - 1950,Process Washed,Harvest Time Spring 2018,Sub Region Huehuetenango ,Varietal Caturra Typica,Elevation null - 1900,Producer Lazaro Constanza
150,275,Guatemala Lazaro Constanza,Process Washed Sub Region Huehuetenango Producer Lazaro Constanza Harvest Time Spring 2018 Varietal Caturra Typica Elevation null - 1900,Process Washed,,Sub Region Huehuetenango ,Producer Lazaro Constanza Harvest Time Spring 2018 Varietal Caturra Typica Elevation null - 1900,,
151,47,Guatemala La Maravilla El Aguacate,Process Washed Sub Region Huehuetenango Producer Mauricio Rosales Harvest Time Spring 2018 Varietal Bourbon Caturra Elevation 1700,Process Washed,Harvest Time Spring 2018,Sub Region Huehuetenango ,Varietal Bourbon Caturra,Elevation 1700,Producer Mauricio Rosales
152,396,"El Limonar, Guatemala",Process Washed Sub Region Huehuetenango Producer Mendez Harvest Time October - March Varietal Arabica Elevation 1524 - 1850,Process Washed,Harvest Time October - March,Sub Region Huehuetenango ,Varietal Arabica,Elevation 1524 - 1850,Producer Mendez
153,439,Guatemala Octavio López,Process Washed Sub Region Huehuetenango Producer Octavio López Camposeco Varietal Caturra Catuai Elevation null - 1600,Process Washed,,Sub Region Huehuetenango ,Varietal Caturra Catuai,Elevation null - 1600,Producer Octavio López Camposeco
154,440,Guatemala Octavio López,Process Washed Sub Region Huehuetenango Producer Octavio López Camposeco Varietal Caturra Catuai Elevation null - 1600,Process Washed,,Sub Region Huehuetenango,Varietal Caturra Catuai,Elevation null - 1600,Producer Octavio López Camposeco
155,274,"Guatemala, El Sendero, Renardo Ovalle",Process Washed Sub Region Huehuetenango Producer Renardo Ovalle Varietal Bourbon Elevation 1700 - 1900,Process Washed,,Sub Region Huehuetenango,Varietal Bourbon,Elevation 1700 - 1900,Producer Renardo Ovalle
156,315,Organic Guatemala Rio Azul,Process Washed Sub Region Huehuetenango Producer Rio Azul Cooperative Harvest Time February-May 2018 Varietal Bourbon Caturra Pache Sarchimor Elevation 1500 - 1800,Process Washed,Harvest Time February-May 2018,Sub Region Huehuetenango,Varietal Bourbon Caturra Pache Sarchimor,Elevation 1500 - 1800,Producer Rio Azul Cooperative
157,263,Guatemala,Process Washed Sub Region Huehuetenango Producer William Perez Varietal Caturra Elevation 1800 - 2100,Process Washed,,Sub Region Huehuetenango,Varietal Caturra,Elevation 1800 - 2100,Producer William Perez
158,306,Finca Adiesto Guatemala,Process Washed Sub Region Huehuetenango Varietal Catuai Bourbon Caturra Elevation 1650 - 1650,Process Washed,,Sub Region Huehuetenango,Varietal Catuai Bourbon Caturra,Elevation 1650 - 1650,
159,415,Itzamná Guatemala,Process Washed Sub Region Huehuetenango Guatemala Producer Mauricio Rosales Harvest Time January - April 2018 Varietal Caturra Bourbon,Process Washed,Harvest Time January - April 2018,Sub Region Huehuetenango Guatemala,Varietal Caturra Bourbon,,Producer Mauricio Rosales
160,53,Union Blend,Process Washed Sub Region Huehuetenango Sierra Madre de Chiapas Varietal Caturra Catuai Bourbon Pache Typica Mundo Novo Elevation 1000,Process Washed,,Sub Region Huehuetenango Sierra Madre de Chiapas,Varietal Caturra Catuai Bourbon Pache Typica Mundo Novo,Elevation 1000,
161,57,Creamery Seasonal Blend,Process Washed Sub Region Huehuetenango Tarrazu Kirinyaga Producer Ernesto Perez and family Rolando Esquivel Bararantes and Family various small holders Harvest Time March 2017 Varietal Bourbon Caturra Maragogipe Red Catuia SL-28 and SL-34 Elevation 1600,Process Washed,Harvest Time March 2017,Sub Region Huehuetenango Tarrazu Kirinyaga,Varietal Bourbon Caturra Maragogipe Red Catuia SL-28 and SL-34,Elevation 1600,Producer Ernesto Perez and family Rolando Esquivel Bararantes and Family various small holders Harvest Time March 2017 Varietal Bourbon Caturra Maragogipe Red Catuia SL-28 and SL-34 Elevation 1600
162,290,Los Sueños Decaf,Process Washed Sub Region Huila Harvest Time October-December Varietal Caturra Colombia Castillo Elevation 1500 - 1800,Process Washed,Harvest Time October-December,Sub Region Huila,Varietal Caturra Colombia Castillo,Elevation 1500 - 1800,
163,389,"El Guamo, Colombia",Process Washed Sub Region Huila Producer Benedicto Yara Harvest Time Winter 2017 Varietal Caturra Elevation 1780 - 1980,Process Washed,Harvest Time Winter 2017,Sub Region Huila,Varietal Caturra,Elevation 1780 - 1980,Producer Benedicto Yara
164,146,"Colombia, Carlos Moncayo",Process Washed Sub Region Huila Producer Carlos Moncayo Harvest Time October - December Varietal Caturra Elevation 1600,Process Washed,Harvest Time October - December,Sub Region Huila,Varietal Caturra,Elevation 1600,Producer Carlos Moncayo
165,14,Colombia El Jigual,Process Washed Sub Region Huila Producer Dario Anaya Varietal Colombia F6 Elevation 1400 - 1700,Process Washed,,Sub Region Huila,Varietal Colombia F6,Elevation 1400 - 1700,Producer Dario Anaya
166,165,Colombia Diego and Marta Casso,Process Washed Sub Region Huila Producer Diego and Marta Casso Varietal Caturra Elevation 1600 - 1650,Process Washed,,Sub Region Huila,Varietal Caturra,Elevation 1600 - 1650,Producer Diego and Marta Casso
167,131,9 Swans Seasonal Coffee,Process Washed Sub Region Huila Producer Diogenes Polania Harvest Time June 2017 Varietal Caturra Colombia,Process Washed,Harvest Time June 2017,Sub Region Huila,Varietal Caturra Colombia,,Producer Diogenes Polania
168,49,La Familia Guarnizo,Process Washed Sub Region Huila Producer Guarnizo Family Harvest Time April-July October-December Varietal Caturra Elevation 1600 - 1800,Process Washed,Harvest Time April-July October-December,Sub Region Huila,Varietal Caturra,Elevation 1600 - 1800,Producer Guarnizo Family
169,196,Colombia San Sebastian,Process Washed Sub Region Huila Producer Occicafe Harvest Time Nov 2017-Jan 2018 Varietal Caturra/Colombia Elevation 1500 - 1900,Process Washed,Harvest Time Nov 2017-Jan 2018,Sub Region Huila,Varietal Caturra/Colombia,Elevation 1500 - 1900,Producer Occicafe
170,203,Colombia San Sebastian,Process Washed Sub Region Huila Producer Occicafe Harvest Time Nov 2017-Jan 2018 Varietal Caturra/Colombia Elevation 1500 - 1900,Process Washed,Harvest Time Nov 2017-Jan 2018,Sub Region Huila,Varietal Caturra/Colombia,Elevation 1500 - 1900,Producer Occicafe
171,222,Decaf Colombia La Serrania,Process Washed Sub Region Huila Producer Smallholder Farmers Elevation 1500 - 1900,Process Washed,,Sub Region Huila,,Elevation 1500 - 1900,Producer Smallholder Farmers
172,408,Colombia,Process Washed Sub Region Huila Varietal Caturra Colombia Elevation 1900,Process Washed,,Sub Region Huila,Varietal Caturra Colombia,Elevation 1900,
173,379,Jackalope Decaf,Process Washed Sub Region Huila Varietal Caturra Colombia Elevation 1900,Process Washed,,Sub Region Huila,Varietal Caturra Colombia,Elevation 1900,
174,206,West Pole Dark Roast,Process Washed Sub Region Huila Varietal Caturra Colombia Elevation 1900,Process Washed,,Sub Region Huila,Varietal Caturra Colombia,Elevation 1900,
175,158,"Andino, Colombia",Process Washed Sub Region Huila Varietal Caturra Colombia Castillo Elevation 1450 - 1500,Process Washed,,Sub Region Huila,Varietal Caturra Colombia Castillo,Elevation 1450 - 1500,
176,159,"Gran Galope, Colombia",Process Washed Sub Region Huila Varietal Caturra Colombia Castillo,Process Washed,,Sub Region Huila,Varietal Caturra Colombia Castillo,,
177,73,Stella Espresso,Process Washed Sub Region Huila Varietal Caturra Typica,Process Washed,,Sub Region Huila,Varietal Caturra Typica,,
178,258,Papua New Guinea YUS,Process Washed Sub Region Huon Peninsula Harvest Time May-August Varietal Typica Bourbon St Raymond Elevation 1200 - 1500,Process Washed,Harvest Time May-August,Sub Region Huon Peninsula,Varietal Typica Bourbon St Raymond,Elevation 1200 - 1500,
179,61,Organic Full Spectrum,Process Washed Sub Region Jacaltenango Producer Rio Azul Cooperative Harvest Time May 2017 Varietal Typica Caturra Castillo Elevation 1500,Process Washed,Harvest Time May 2017,Sub Region Jacaltenango,Varietal Typica Caturra Castillo,Elevation 1500,Producer Rio Azul Cooperative
180,147,Organic Harvest Blend,Process Washed Sub Region Jacaltenango Huehuetenango Producer Rio Azul Cooperative CODECH Cooperative Harvest Time Feb-May 2018 Varietal Caturra Catuai Pache Verde Bourbon Sarchimor Elevation 1500,Process Washed,Harvest Time Feb-May 2018,Sub Region Jacaltenango Huehuetenango,Varietal Caturra Catuai Pache Verde Bourbon Sarchimor,Elevation 1500,Producer Rio Azul Cooperative CODECH Cooperative 
181,414,Peru El Pino,Process Washed Sub Region Jaen Cajamarca Producer Miguel Garcia Harvest Time Aug-Oct 17 Varietal Caturra Catimor Typica Elevation 1700 - 1700,Process Washed,Harvest Time Aug-Oct 17,Sub Region Jaen Cajamarca,Varietal Caturra Catimor Typica,Elevation 1700 - 1700,Producer Miguel Garcia
182,171,Nano Challa Washed,Process Washed Sub Region Jimma Zone Varietal Heirloom Elevation 1898 - 2200,Process Washed,,Sub Region Jimma Zone,Varietal Heirloom,Elevation 1898 - 2200,
183,283,"Kolla Bolcha, Ethiopia",Process Washed Sub Region Jimma Producer Kata Muduga Union Cooperative Farmers Harvest Time Winter 2017-2018,Process Washed,Harvest Time Winter 2017-2018,Sub Region Jimma,,,Producer Kata Muduga Union Cooperative Farmers
184,193,Ethiopia Nano Challa,Process Washed Sub Region Jimma Producer Nano Challa Coop Kata Maduga Union Varietal Heirloom Elevation null - 1930,Process Washed,,Sub Region Jimma,Varietal Heirloom Elevation null - 1930,,Producer Nano Challa Coop Kata Maduga Union
185,323,"Biftu Gudina, Ethiopia",Process Washed Sub Region Jimma Oromia Varietal Native Heirloom Elevation 1975 - 2200,Process Washed,,Sub Region Jimma Oromia,Varietal Native Heirloom,Elevation 1975 - 2200,
186,13,Nicaragua Finca La Amistad,Process Washed Sub Region Jinotega Producer Francisco Javier Valle Garcia Varietal Catuai Caturra Elevation 1200 - 1250,Process Washed,,Sub Region Jinotega,Varietal Catuai Caturra,Elevation 1200 - 1250,Producer Francisco Javier Valle Garcia
187,45,Limited Release Nicaragua El Esfuerzo CoE,Process Washed Sub Region Jinotega Producer Ignacio Estrada Burgo Harvest Time 2018 Varietal Maracaturra Elevation 1300 - 1400,Process Washed,Harvest Time 2018,Sub Region Jinotega,Varietal Maracaturra,Elevation 1300 - 1400,Producer Ignacio Estrada Burgo
188,125,Burundi Kibingo,Process Washed Sub Region Kayanza Harvest Time April-July 2017 Varietal Heirloom Bourbon Elevation 1900 - 1900,Process Washed,Harvest Time April-July 2017,Sub Region Kayanza,Varietal Heirloom Bourbon,Elevation 1900 - 1900,
189,177,"Kanake, Kenya","Process Washed Sub Region Kiambu County Producer ""Komothai Farmers Cooperative"" Varietal SL 28 SL 34 Ruiru 11 Elevation 1675 - 1850",Process Washed,,Sub Region Kiambu County,Varietal SL 28 SL 34 Ruiru 11,Elevation 1675 - 1850,"Producer ""Komothai Farmers Cooperative"""
190,121,Kenya Gititu Peaberry,Process Washed Sub Region Kiambu County Producer Gititu Farmers’ Cooperative Society Harvest Time October - December Varietal SL-28 SL-34 Ruiru 11 Elevation 1400 - 1800,Process Washed,Harvest Time October - December,Sub Region Kiambu County,Varietal SL-28 SL-34 Ruiru 11,Elevation 1400 - 1800,Producer Gititu Farmers’ Cooperative Society
191,405,Kenya Ngewa Komothai,Process Washed Sub Region Kiambu Harvest Time Oct - Jan 2018 Varietal SL-28 & SL-34 Elevation 1850 - 2100,Process Washed,Harvest Time Oct - Jan 2018,Sub Region Kiambu,Varietal SL-28 & SL-34,Elevation 1850 - 2100,
192,282,Kenya Kiganjo,Process Washed Sub Region Kiambu Harvest Time Spring 2018 Varietal SL-28 34 Ruiri. Elevation 1750,Process Washed,Harvest Time Spring 2018,Sub Region Kiambu,Varietal SL-28 34 Ruiri.,Elevation 1750,
193,402,Kenya Kiamugumo,Process Washed,Process Washed,,Sub Region Kiamugumo,Varietal Sl 28 Sl 34,Elevation 1500,
194,469,Ultraviolet,Process Washed Sub Region Kibugu village Embu County Harvest Time October - December Varietal SL-28 Ruiru Elevation 1650,Process Washed,Harvest Time October - December,Sub Region Kibugu village Embu County,Varietal SL-28 Ruiru,Elevation 1650,
195,409,Kenya Mount Kenya,Process Washed Sub Region Kirinyaga County Harvest Time March 2018 Varietal SL-28 SL-24 Ruiri-11 Elevation 1700 - 1800,Process Washed,Harvest Time March 2018,Sub Region Kirinyaga County,Varietal SL-28 SL-24 Ruiri-11,Elevation 1700 - 1800,
196,124,"Kiangoi AA, Kenya",Process Washed Sub Region Kirinyaga Harvest Time null December-February 2016-2017 Varietal SL28 and SL34 Elevation 1650 - 1650,Process Washed,Harvest Time null December-February 2016-2017,Sub Region Kirinyaga,Varietal SL28 and SL34,Elevation 1650 - 1650,
197,176,Kenya Kabare Konyu,Process Washed Sub Region Kirinyaga Producer Konyu Factory Varietal SL-28 Ruiru 11 SL-34 Elevation 1800,Process Washed,,Sub Region Kirinyaga,Varietal SL-28 Ruiru 11 SL-34,Elevation 1800,Producer Konyu Factory
198,436,Kenya Baragwi Thimu Peaberry,Process Washed Sub Region Kirinyaga Producer Thimu Factory Varietal SL-28 Ruiru 11 SL-34 Elevation 1700 - 1800,Process Washed,,Sub Region Kirinyaga,Varietal SL-28 Ruiru 11 SL-34,Elevation 1700 - 1800,Producer Thimu Factory
199,386,Ethiopia Kochere,Process Washed Sub Region Kochere Varietal Heirloom varietals Elevation 1800 - 2000,Process Washed,,Sub Region Kochere,Varietal Heirloom varietals,Elevation 1800 - 2000,
200,150,Telemetry Blend,Process Washed Sub Region Kochere Nariño Varietal Heirloom Caturra Castillo,Process Washed,,Sub Region Kochere Nariño,Varietal Heirloom Caturra Castillo,,
201,390,Ethiopia Reko,Process Washed Sub Region Kochere Yirgacheffe Producer Reko Washing Station Harvest Time November 2017 - January 2018 Varietal Heirloom Elevation 1850 - 2100,Process Washed,Harvest Time November 2017 - January 2018,Sub Region Kochere Yirgacheffe,Varietal Heirloom,Elevation 1850 - 2100,Producer Reko Washing Station
202,437,Finca El Limonar,Process Washed Sub Region La Libertad Producer Rosa Maria Ovalle Harvest Time May Varietal Villa Sarchi Elevation 1700 - 1700,Process Washed,Harvest Time May Varietal Villa Sarchi Elevation 1700 - 1700,Sub Region Kochere Yirgacheffe ,Varietal Villa Sarchi,Elevation 1700 - 1700,Producer Rosa Maria Ovalle
203,190,Los Inmortales El Salvador,Process Washed Sub Region La Libertad Producer Vickie Dalton Diaz Harvest Time November 2017 - January 2018 Varietal Bourbon Pacas,Process Washed,Harvest Time November 2017 - January 2018,Sub Region La Libertad ,Varietal Bourbon Pacas,,Producer Vickie Dalton Diaz
204,298,"Las Acacias, Honduras",Process Washed Sub Region La Paz Marcala Producer Roger Antonio Domínguez Márquez Harvest Time Dec-Feb 18 Elevation 1400,Process Washed,Harvest Time Dec-Feb 18,Sub Region La Paz Marcala,,Elevation 1400,Producer Roger Antonio Domínguez Márquez
205,341,Guatemala Atitlán el Grano,"Process Washed Sub Region Lake Atitlán Producer ""APROCAFE Growers Association"" Varietal Bourbon Catuaí Caturra Pache Elevation 1550",Process Washed,,"Sub Region Lake Atitlán Producer ""APROCAFE Growers Association""",Varietal Bourbon Catuaí Caturra Pache,Elevation 1550,
206,286,1950,Process Washed Sub Region Lima Yirgacheffe Elevation 2000,Process Washed,,Sub Region Lima Yirgacheffe,,Elevation 2000,
207,316,Bolivia Finca Las Alasitas,Process Washed Sub Region Los Yungas Producer Pedro and Daniela Rodriguez Harvest Time October 2017 Varietal Red Caturra Elevation 1600 - 1650,Process Washed,Harvest Time October 2017,Sub Region Los Yungas,Varietal Red Caturra,Elevation 1600 - 1650,Producer Pedro and Daniela Rodriguez
208,320,Bolivia Finca Las Alasitas,Process Washed Sub Region Los Yungas Producer Pedro and Daniela Rodriguez Harvest Time October 2017 Varietal Red Caturra Elevation 1600 - 1650,Process Washed,Harvest Time October 2017,Sub Region Los Yungas,Varietal Red Caturra,Elevation 1600 - 1650,Producer Pedro and Daniela Rodriguez
209,235,Nightcap House Decaf,Process Washed Sub Region Matagalpa Harvest Time November-February Varietal Red Catuaí Yellow Catuaí Elevation 900,Process Washed,Harvest Time November-February,Sub Region Matagalpa,Varietal Red Catuaí Yellow Catuaí,Elevation 900,
210,189,Milwaukee Rockstar Blend,Process Washed Sub Region Matagalpa Cerrado Mineiro Producer Limoncillo Estate Harvest Time December May Varietal multiple varietals Elevation 800,Process Washed,Harvest Time December May,Sub Region Matagalpa Cerrado Mineiro,Varietal multiple varietals,Elevation 800,Producer Limoncillo Estate
211,44,Kenya Gichugene,Process Washed Sub Region Meru Producer Katheri Farmer Coop Harvest Time Jan 2018 - March 2018 Elevation 1650,Process Washed,Harvest Time Jan 2018 - March 2018,Sub Region Meru,,Elevation 1650,Producer Katheri Farmer Coop
212,395,La Tortuga Honduras,Process Washed Sub Region Mogola San Jose Marcala Producer Fabio Antonio Caballero Harvest Time January - February 2018 Varietal Catuai Bourbon,Process Washed,Harvest Time January - February 2018,Sub Region Mogola San Jose Marcala,Varietal Catuai Bourbon,,Producer Fabio Antonio Caballero
213,114,Burundi Murambi,Process Washed Sub Region Muyinga Producer Small Holders Harvest Time May-July 2017 Varietal Bourbon Elevation 1400 - 1600,Process Washed,Harvest Time May-July 2017,Sub Region Muyinga,Varietal Bourbon,Elevation 1400 - 1600,Producer Small Holders
214,340,"Decaf La Union, Colombia",Process Washed Sub Region Narino Harvest Time December May - July 2017 Varietal Castillo Elevation 1718 - 1730,Process Washed,Harvest Time December May - July 2017,Sub Region Narino,Varietal Castillo,Elevation 1718 - 1730,
215,242,Burundi Karehe Single Origin Espresso,Process Washed Sub Region Ngozi Province Producer Karehe Washing Station Varietal Bourbon Elevation 1760,Process Washed,,Sub Region Ngozi Province,Varietal Bourbon,Elevation 1760,Producer Karehe Washing Station
216,465,"Nicaragua, Los Magos Del Monte",Process Washed Sub Region Nueva Segovia Producer Small group of producers Varietal Catuai Bourbon Caturra Elevation 1400 - 1500,Process Washed,,Sub Region Nueva Segovia,Varietal Catuai Bourbon Caturra,Elevation 1400 - 1500,Producer Small group of producers
217,269,"La Roca, Nicaragua",Process Washed Sub Region Nueva Segovia Producer The Dipilito Producers Harvest Time Spring 2018 Varietal Maragogype Caturra Bourbón,Process Washed,Harvest Time Spring 2018,Sub Region Nueva Segovia,Varietal Maragogype Caturra Bourbón,,Producer The Dipilito Producers
218,161,OMG (Oh My God),Process Washed Sub Region Nuevo Oriente GUA Agaro ETH Harvest Time 2017 2017 Varietal Villa Sarchi Ethiopian Heirloom,Process Washed,Harvest Time 2017 2017,Sub Region Nuevo Oriente GUA Agaro ETH,Varietal Villa Sarchi Ethiopian Heirloom,,
219,294,"Kanzu, Rwanda",Process Washed Sub Region Nyamasheke Harvest Time April-July 2017 Varietal Heirloom Bourbon Elevation 1800 - 2100,Process Washed,Harvest Time April-July 2017,Sub Region Nyamasheke,Varietal Heirloom Bourbon,Elevation 1800 - 2100,
220,89,03 Rwanda Gatare,Process Washed Sub Region Nyamasheke Varietal Bourbon Elevation 1765 - 2200,Process Washed,,Sub Region Nyamasheke,Varietal Bourbon,Elevation 1765 - 2200,
221,162,"Rwanda, Kanyege",Process Washed Sub Region Nyamesheke Producer Alphonse Kayijuka Harvest Time May 2017 Varietal Bourbon Elevation 1750 - 1886,Process Washed,Harvest Time May 2017,Sub Region Nyamesheke,Varietal Bourbon,Elevation 1750 - 1886,Producer Alphonse Kayijuka
222,291,"Gatomboya, Kenya",Process Washed Sub Region Nyeri Harvest Time December-February Varietal SL28 SL34 Elevation 1600 - 2800,Process Washed,Harvest Time December-February,Sub Region Nyeri,Varietal SL28 SL34,Elevation 1600 - 2800,
223,423,Kenya Gathaithi,Process Washed Sub Region Nyeri Harvest Time January 2018 Varietal SL-28 & SL-32 Elevation 1700 - 1700,Process Washed,Harvest Time January 2018,Sub Region Nyeri,Varietal SL-28 & SL-32,Elevation 1700 - 1700,
224,117,Kenya Kihuyo AB,Process Washed Sub Region Nyeri Harvest Time Spring 2018 Varietal Sl 28 34 Elevation 1800,Process Washed,Harvest Time Spring 2018,Sub Region Nyeri,Varietal Sl 28 34,Elevation 1800,
225,399,Kenya AA Ruthagati,"Process Washed Sub Region Nyeri Producer ""Rutuma Farmers Coop Society"" Harvest Time March 2019 Varietal SL 28 SL 34 Elevation 1650 - 1700",Process Washed,Harvest Time March 2019,Sub Region Nyeri,Varietal SL 28 SL 34,Elevation 1650 - 1700,"Producer ""Rutuma Farmers Coop Society"" Harvest Time March 2019 Varietal SL 28 SL 34 Elevation 1650 - 1700"
226,325,Kenya Karatina,Process Washed Sub Region Nyeri Producer Barichu Farmers Cooperative Society Harvest Time May 2018 Elevation 1800,Process Washed,Harvest Time May 2018,Sub Region Nyeri,,Elevation 1800,Producer Barichu Farmers Cooperative Society
227,267,Kenya Gachatha OT-18,Process Washed Sub Region Nyeri Producer Gachatha Cooperative Varietal SL-28 SL-34 Elevation 2000 - 2050,Process Washed,,Sub Region Nyeri,Varietal SL-28 SL-34,Elevation 2000 - 2050,Producer Gachatha Cooperative
228,174,Kenya Gichathaini PB,Process Washed Sub Region Nyeri Producer Gichathanini Factory Varietal SL-28 SL-34 Elevation 1900 - 2000,Process Washed,,Sub Region Nyeri,Varietal SL-28 SL-34,Elevation 1900 - 2000,Producer Gichathanini Factory
229,113,Kenya Kiunyu OT-18,Process Washed Sub Region Nyeri Producer Kiunyu Factory Varietal SL-28 SL-34 Elevation 1900 - 2000,Process Washed,,Sub Region Nyeri,Varietal SL-28 SL-34,Elevation 1900 - 2000,Producer Kiunyu Factory
230,271,10 Year Anniversary Blend,Process Washed Sub Region Nyeri Kenya; Guji Ethiopia Producer Giakanja Kenya; Tabe Burka Ethiopia Harvest Time November 2017 - January 2018 Varietal SL-28 SL-34 Heirloom Elevation 1750,Process Washed,Harvest Time November 2017 - January 2018,Sub Region Nyeri Kenya; Guji Ethiopia,Varietal SL-28 SL-34 Heirloom,Elevation 1750,Producer Giakanja Kenya; Tabe Burka Ethiopia
231,270,"Miramar, Mexico",Process Washed Sub Region Oaxaca Varietal Bourbon & Typica,Process Washed,,Sub Region Oaxaca,Varietal Bourbon & Typica,,
232,398,"Yosotatu Reserva, Mexico",Process Washed Sub Region Oaxaca Varietal Bourbon & Typica,Process Washed,,Sub Region Oaxaca,Varietal Bourbon & Typica,,
233,179,Costa Rica Montes de Oro,"Process Washed Sub Region Ojo de Agua Tarrazu Producer Emilio ""Milo"" & Laura Gamboa Harvest Time December - April Varietal Villa Sarchi Elevation 1700 - 1900",Process Washed,Harvest Time December - April,Sub Region Ojo de Agua Tarrazu,Varietal Villa Sarchi,Elevation 1700 - 1900,"Producer Emilio ""Milo"" & Laura Gamboa"
234,277,Ethiopia Gera Limmu,Process Washed Sub Region Oromia Producer Omer Ali Varietal Mixed Heirloom Elevation 1800,Process Washed,,Sub Region Oromia,Varietal Mixed Heirloom,Elevation 1800,Producer Omer Ali Varietal Mixed Heirloom Elevation 1800
235,406,"Guji Uraga, Ethiopia",Process Washed Sub Region Oromia Varietal Indigenous Heirloom Varieties Elevation 1650 - 1800,Process Washed,,Sub Region Oromia,Varietal Indigenous Heirloom Varieties,Elevation 1650 - 1800,
236,247,Kenya Nyeri Kiruga AA,Process Washed Sub Region Othaya Varietal SL28  SL34 Elevation 1600 - 1800,Process Washed,,Sub Region Othaya ,Varietal SL28 SL34,Elevation 1600 - 1800,
237,297,Arnaud Causse Pacamara,Process Washed Sub Region Pichincha Producer Arnaud Causse Harvest Time August-September 2017 Varietal Pacamara Elevation 1800 - 2100,Process Washed,Harvest Time August-September 2017 ,Sub Region Pichincha ,Varietal Pacamara,Elevation 1800 - 2100,Producer Arnaud Causse 
238,460,Ecuador La Yumbada Caturra,Process Washed Sub Region Pichincha Producer Rommy Idrobo and Christian Marlin Harvest Time August-September 2017 Varietal Caturra Elevation 1800 - 1950,Process Washed,Harvest Time August-September 2017,Sub Region Pichincha ,Varietal Caturra ,Elevation 1800 - 1950,Producer Rommy Idrobo and Christian Marlin
239,461,Ecuador La Yumbada Sidra,Process Washed Sub Region Pichincha Producer Rommy Idrobo and Christian Marlin Harvest Time August-September 2017 Varietal Sidra Elevation 1800 - 1950,Process Washed,Harvest Time August-September 2017,Sub Region Pichincha ,Varietal Sidra,Elevation 1800 - 1950,Producer Rommy Idrobo and Christian Marlin
240,319,Peru Norandino,Process Washed Sub Region Piura Amazonas Cajamarca San Martin Producer Norandino Harvest Time November 2017 Varietal Caturra bourbon catuai pache villa sarchi catimor Elevation 1100 - 1700,Process Washed,Harvest Time November 2017 ,Sub Region Piura Amazonas Cajamarca San Martin ,Varietal Caturra bourbon catuai pache villa sarchi catimor,Elevation 1100 - 1700,Producer Norandino 
241,392,Burundi Gacokwe,Process Washed Sub Region Rango Kayanza Harvest Time Apr-Jun 17 Varietal Bourbon Mibirizi Elevation 1650 - 1650,Process Washed,Harvest Time Apr-Jun 17,Sub Region Rango Kayanza,Varietal Bourbon Mibirizi ,Elevation 1650 - 1650,
242,278,Colombia Las Brisas,Process Washed Sub Region Rioblanco Tolima Producer ASOQUEBRADON Growers Association Varietal Caturra Bourbon Typica Castillo Colombia Elevation 1500 - 1900,Process Washed,,Sub Region Rioblanco Tolima,Varietal Caturra Bourbon Typica Castillo Colombia,Elevation 1500 - 1900,Producer ASOQUEBRADON Growers Association
243,347,Decaf Colombia Los Idolos,Process Washed Sub Region San Agustin Huila Producer Several Growers Associations in Huila Harvest Time march-june Varietal Caturra,Process Washed,Harvest Time march-june,Sub Region San Agustin Huila,Varietal Caturra,,Producer Several Growers Associations in Huila
244,181,Guatemala Flora Ramos,Process Washed Sub Region San Antonio Huista Huehuetenango Producer Flora Ramos Harvest Time December-March Varietal Caturra Elevation 1500 - 1600,Process Washed,Harvest Time December-March,Sub Region San Antonio Huista Huehuetenango,Varietal Caturra,Elevation 1500 - 1600,Producer Flora Ramos
245,1,Costa Rica Santa Maria,Process Washed Sub Region San Jose Producer Cooperativa de Caficultores de Dota R.L. Varietal Catuaí Caturra Elevation 1500 - 1900,Process Washed,,Sub Region San Jose Producer Cooperativa de Caficultores de Dota R.L.,Varietal Catuaí Caturra,Elevation 1500 - 1900,
246,192,"El Pilar, Guatemala",Process Washed Sub Region San Juan Sacatepéquez Producer Juan Carlos Chen Harvest Time January-April Varietal Bourbon Caturra Catuaí Elevation 1500 - 2000,Process Washed,Harvest Time January-April,Sub Region San Juan Sacatepéquez,Varietal Bourbon Caturra Catuaí,Elevation 1500 - 2000,Producer Juan Carlos Chen
247,68,"Hacienda Carmona, Guatemala",Process Washed Sub Region San Juan del Obispo Sacatepequez Producer Maria Zelaya Harvest Time Spring 2018 Elevation 1580,Process Washed,Harvest Time Spring 2018,Sub Region San Juan del Obispo Sacatepequez,,Elevation 1580,Producer Maria Zelaya
248,349,02 Filter,Process Washed Sub Region San Lorenzo; Oromia Jimma Zone Gome District Producer Gabriel Alarcon; 210 Smallholder Farmers Varietal Colombia Castillo Caturra Ethiopia Heirloom Elevation 1980,Process Washed,,Sub Region San Lorenzo; Oromia Jimma Zone Gome District,Varietal Colombia Castillo Caturra Ethiopia Heirloom,Elevation 1980,Producer Gabriel Alarcon; 210 Smallholder Farmers
249,276,La Colina Guatemala,Process Washed Sub Region San Martín Jilotepeque Chimaltenango Producer Antonio Medina Varietal Bourbon and Caturra Elevation 1700 - 1700,Process Washed,,Sub Region San Martín Jilotepeque Chimaltenango,Varietal Bourbon and Caturra,Elevation 1700 - 1700,Producer Antonio Medina
250,105,Decaf Colombia Aguacate,Process Washed Sub Region Sandoná Nariño Producer 30 members of the “Asociación Creciendo con el Campo” Harvest Time May - July 2017 Varietal Caturra Elevation 1700 - 2100,Process Washed,Harvest Time May - July 2017,Sub Region Sandoná Nariño,Varietal Caturra,Elevation 1700 - 2100,Producer 30 members of the “Asociación Creciendo con el Campo”
251,173,El Salvador Finca Manzano,Process Washed Sub Region Santa Ana Producer Emilio Lopez Diaz Harvest Time November 2017 - March 2018 Varietal Caturra Elevation 1300 - 1550,Process Washed,Harvest Time November 2017 - March 2018,Sub Region Santa Ana,Varietal Caturra,Elevation 1300 - 1550,Producer Emilio Lopez Diaz
252,208,"Santa Julia, El Salvador",Process Washed Sub Region Santa Ana Producer Salaverria Family Varietal Pacas Bourbon Elevation 1545,Process Washed,,Sub Region Santa Ana,Varietal Pacas Bourbon,Elevation 1545,Producer Salaverria Family
253,456,"Los Yoyos, Honduras",Process Washed Sub Region Santa Barbara Producer Eulogio Martinez Harvest Time January-June 2017 Varietal Parainema Elevation 1400 - 1400,Process Washed,Harvest Time January-June 2017,Sub Region Santa Barbara,Varietal Parainema,Elevation 1400 - 1400,Producer Eulogio Martinez
254,426,Honduras Gerard Trejo,Process Washed Sub Region Santa Barbara Producer Gerardo Trejo Harvest Time March 2018 Elevation 1500,Process Washed,Harvest Time March 2018,Sub Region Santa Barbara ,,Elevation 1500,Producer Gerardo Trejo
255,452,"Mario Moreno 2017, Honduras",Process Washed Sub Region Santa Barbara Producer Mario Moreno Harvest Time January-June 2017 Varietal Bourbon Elevation 1550 - 1550,Process Washed,Harvest Time January-June 2017,Sub Region Santa Barbara ,Varietal Bourbon,Elevation 1550 - 1550,Producer Mario Moreno
256,463,Six One Six Blend,Process Washed Sub Region Santa Barbara Honduras; Tarrazú Costa Rica Elevation 1700,Process Washed,,Sub Region Santa Barbara Honduras; Tarrazú Costa Rica,,Elevation 1700,
257,86,La Perla de Oaxaca Organic Mexico,Process Washed Sub Region Santa Cruz Itundujia Oaxaca Producer Café San José Zaragoza | CEPCO Harvest Time December 2017 - March 2018 Varietal Bourbon Typica Mundo Novo,Process Washed,Harvest Time December 2017 - March 2018,Sub Region Santa Cruz Itundujia Oaxaca,Varietal Bourbon Typica Mundo Novo,,Producer Café San José Zaragoza | CEPCO
258,373,Guatemala Finca Nuevo Vinas,Process Washed Sub Region Santa Rosa Producer Keller Harvest Time December - February Varietal Caturra Catual Pacamara Elevation 1200 - 1500,Process Washed,Harvest Time December - February ,Sub Region Santa Rosa ,Varietal Caturra Catual Pacamara,Elevation 1200 - 1500,Producer Keller 
259,420,"Miramundo, Guatemala",Process Washed Sub Region Santa Rosa Varietal Bourbon & Typica,Process Washed,,Sub Region Santa Rosa,Varietal Bourbon & Typica,,
260,354,Colombia La Pradera,Process Washed Sub Region Santander Producer Hacienda La Pradera Harvest Time October 2017 Varietal Castilla caturra colombia Elevation 1750 - 1950,Process Washed,Harvest Time October 2017 ,Sub Region Santander,Varietal Castilla caturra colombia ,Elevation 1750 - 1950,Producer Hacienda La Pradera
261,30,Ethiopia Bokasso,Process Washed Sub Region Sidama Harvest Time Dec-March 2017-2018 Varietal Heirloom Elevation 1900 - 2000,Process Washed,Harvest Time Dec-March 2017-2018,Sub Region Sidama,Varietal Heirloom,Elevation 1900 - 2000,
262,115,Ethiopia Bensa Shantawene,Process Washed Sub Region Sidama Harvest Time November through February Varietal Mikicho Setami Heirloom Elevation 2000 - 2300,Process Washed,Harvest Time November through February,Sub Region Sidama ,Varietal Mikicho Setami Heirloom,Elevation 2000 - 2300,
263,307,Shilicho Ethiopia,Process Washed Sub Region Sidama Varietal Heirloom Elevation 1800 - 1800,Process Washed,,Sub Region Sidama,Varietal Heirloom,Elevation 1800 - 1800,
264,170,Ethiopia Kercha,Process Washed Sub Region Sidamo Varietal Heirloom Elevation 2000 - 2100,Process Washed,,Sub Region Sidamo,Varietal Heirloom,Elevation 2000 - 2100,
265,429,Decaf Ethiopia Moredocofe Organic,Process Washed Sub Region Sidamo Guji Zone Producer Ato Haile Gebre Varietal Local Heirloom Varieties Elevation 6000 - 6500,Process Washed,,Sub Region Sidamo Guji Zone,Varietal Local Heirloom Varieties,Elevation 6000 - 6500,Producer Ato Haile Gebre
266,419,Decaf Ethiopia Moredocofe Organic,Process Washed Sub Region Sidamo Guji Zone Producer Ato Haile Gebre Varietal Local Heirloom Varieties Elevation 6000 - 6500,Process Washed,,Sub Region Sidamo Guji Zone,Varietal Local Heirloom Varieties,Elevation 6000 - 6500,Producer Ato Haile Gebre
267,384,Mexico Sierra Sur,Process Washed Sub Region Sierra Sur Varietal Arabica Elevation 1700 - 1900,Process Washed,,Sub Region Sierra Sur,Varietal Arabica,Elevation 1700 - 1900,
268,433,El Salvador Natamaya,Process Washed Sub Region Sonsonate Department Producer Hermann and Nena Mendez Varietal Bourbon Elevation 1400 - 1550,Process Washed,Varietal Bourbon,Sub Region Sonsonate Department,,Elevation 1400 - 1550,Producer Hermann and Nena Mendez
269,129,"Monte Rey, El Salvador",Process Washed Sub Region Sonsonate Producer Nancy Majano de Arenivar Harvest Time Winter 2018,Process Washed,Harvest Time Winter 2018,Sub Region Sonsonate,,,Producer Nancy Majano de Arenivar
270,145,Ethiopia Wuri,Process Washed Sub Region South Nation Nationality People (SNNP) / Gedion (Zone) Gedeb (District) Worka (Area) Harvest Time Mid of Oct- End of Jan Varietal Heirloom Elevation 2050 - 2100,Process Washed,Harvest Time Mid of Oct- End of Jan,Sub Region South Nation Nationality People (SNNP) / Gedion (Zone) Gedeb (District) Worka (Area),Varietal Heirloom,Elevation 2050 - 2100,
271,431,Bolivia Inquisivi,Process Washed Sub Region South Yungas La Paz Producer Various Small Holders Harvest Time September Varietal Caturra Typica Elevation 1700 - 1900,Process Washed,Harvest Time September,Sub Region South Yungas La Paz,Varietal Caturra Typica,Elevation 1700 - 1900,Producer Various Small Holders
272,107,Mexico Chiapas GRAPOS,Process Washed Sub Region Tapachula Chiapas Producer Various Women Smallholders Members of Grapos Harvest Time December 2017 Varietal Caturra Catuai Bourbon Mundo Novo Elevation 900 - 1850,Process Washed,Harvest Time December 2017,Sub Region Tapachula Chiapas,Varietal Caturra Catuai Bourbon Mundo Novo,Elevation 900 - 1850,Producer Various Women Smallholders Members of Grapos
273,127,Tarrazu Vienna,Process Washed Sub Region Tarrazu Harvest Time January 2018 Varietal Caturra & Catuai Elevation 1190 - 1890,Process Washed,Harvest Time January 2018,Sub Region Tarrazu,Varietal Caturra & Catuai,Elevation 1190 - 1890,
274,204,Tarrazu French,Process Washed Sub Region Tarrazu Harvest Time January 2018 Varietal Caturra & Catuai Elevation 1190 - 1890,Process Washed,Harvest Time January 2018,Sub Region Tarrazu,Varietal Caturra & Catuai,Elevation 1190 - 1890,
275,197,Tarrazu French,Process Washed Sub Region Tarrazu Harvest Time January 2018 Varietal Caturra & Catuai Elevation 1190 - 1890,Process Washed,Harvest Time January 2018 ,Sub Region Tarrazu,Varietal Caturra & Catuai,Elevation 1190 - 1890,
276,59,Tarrazu Espresso,Process Washed Sub Region Tarrazu Harvest Time January 2018 Varietal Caturra Catuai Elevation 1190 - 1890,Process Washed,Harvest Time January 2018,Sub Region Tarrazu,Varietal Caturra Catuai,Elevation 1190 - 1890,
277,27,Tarrazu,Process Washed Sub Region Tarrazu Harvest Time January 2018 Varietal Caturra Catuai Elevation 1190 - 1890,Process Washed,Harvest Time January 2018,Sub Region Tarrazu,Varietal Caturra Catuai,Elevation 1190 - 1890,
278,249,Costa Rica Cerro La Cruz,Process Washed Sub Region Tarrazu Producer Esquivel Bararantes Harvest Time Nov-March 2018 Varietal Caturra Red Catuai Elevation 1600 - 1900,Process Washed,Harvest Time Nov-March 2018,Sub Region Tarrazu,Varietal Caturra Red Catuai,Elevation 1600 - 1900,Producer Esquivel Bararantes
279,330,Neon Espresso,Process Washed Sub Region Tarrazu Guji Producer Luis Ureña (CR) & 385 smallholders (E) Harvest Time dec-apr (CR) nov-jan (E) Varietal Catuai Mixed Ethiopian Heirloom Elevation 1800,Process Washed,Harvest Time dec-apr (CR) nov-jan (E),Sub Region Tarrazu Guji,Varietal Catuai Mixed Ethiopian,Heirloom Elevation 1800,Producer Luis Ureña (CR) & 385 smallholders (E)
280,322,Karinga Kenya,Process Washed Sub Region Thika District Central Province Producer Members of Karinga Factory Harvest Time January 2017 Varietal SL-28 and SL-34 Elevation 1900 - 1900,Process Washed,Harvest Time January 2017,Sub Region Thika District Central Province,Varietal SL-28 and SL-34,Elevation 1900 - 1900,Producer Members of Karinga Factory
281,438,Guatemala Oscar Calmo,Process Washed Sub Region Todos Los Santos Chuchumatán Huehuetenango Producer Oscar David Calmo Varietal Pache Caturra Elevation 1550 - 1550,Process Washed,,Sub Region Todos Los Santos Chuchumatán Huehuetenango,Varietal Pache Caturra,Elevation 1550 - 1550,Producer Oscar David Calmo
282,51,Sugar Cane Decaf,Process Washed Sub Region Tolima Harvest Time Late Summer Early Autumn Varietal Mixed Elevation 1400 - 1800,Process Washed,Harvest Time Late Summer Early Autumn,Sub Region Tolima,Varietal Mixed,Elevation 1400 - 1800,
283,41,Organic Radio Wave,Process Washed Sub Region Tolima Harvest Time September 2017 Varietal Typica Bourbon Caturra Colombia Elevation 1450,Process Washed,Harvest Time September 2017 ,Sub Region Tolima,Varietal Typica Bourbon Caturra Colombia,Elevation 1450,
284,387,Colombia El Meridiano,Process Washed Sub Region Tolima Producer 58 families Harvest Time December 2017 Varietal Caturra Colombia Typica Elevation 1500 - 1900,Process Washed,Harvest Time December 2017 ,Sub Region Tolima,Varietal Caturra Colombia Typica,Elevation 1500 - 1900,Producer 58 families
285,457,Colombia Jesus Antonio Saavedra,Process Washed Sub Region Tolima Producer Jesus Antonio Saavedra Harvest Time June-August 2017 Varietal Caturra Elevation 1700 - 1700,Process Washed,Harvest Time June-August 2017 ,Sub Region Tolima,Varietal Caturra,Elevation 1700 - 1700,Producer Jesus Antonio Saavedra
286,368,Decaf Colombia Planadas,Process Washed Sub Region Tolima Varietal Castillo Caturra Elevation 1450 - 1500,Process Washed,,Sub Region Tolima,Varietal Castillo Caturra,Elevation 1450 - 1500,
287,280,"Colombia, El Meridiano, Tolima",Process Washed Sub Region Tolima Varietal Caturra Typica Colombia Elevation 1500 - 1900,Process Washed,,Sub Region Tolima,Varietal Caturra Typica Colombia,Elevation 1500 - 1900,
288,94,Colombia Tolima Organic,Process Washed Sub Region Tolima,Process Washed,,Sub Region Tolima,,,
289,312,Colombia Finca San Luis Gran Reserve,Process Washed Sub Region Tolima Libano Producer Omar & Patricia Arango Varietal Typica,Process Washed,,Sub Region Tolima Libano ,Varietal Typica,,Producer Omar & Patricia Arango
290,3,"Inkwell, House Blend",Process Washed Sub Region Tolima Tarrazu Harvest Time November 2017 Varietal Colombia Castillo Elevation 1200,Process Washed,Harvest Time November 2017,Sub Region Tolima Tarrazu,Varietal Colombia Castillo,Elevation 1200,
291,9,Mixtape,Process Washed Sub Region Tolima Tarrazu Cajamarca Producer 58 families (C) Luis Ureña (CR) Valentin Guerrero Zurita (P) Harvest Time sept-dec (C) dec-apr (CR) may-aug (P) Varietal Caturra Colombia Typica Catuai Bourbon Typica Caturra Elevation 1500 (C) 1800 (CR) 1350 (P),Process Washed,Harvest Time sept-dec (C) dec-apr (CR) may-aug (P) ,Sub Region Tolima Tarrazu Cajamarca,Varietal Caturra Colombia Typica Catuai Bourbon Typica Caturra,Elevation 1500 (C) 1800 (CR) 1350 (P),Producer 58 families
292,120,Vancouver Decaf,Process Washed Sub Region Various Producer Various Harvest Time December - April Elevation 1900,Process Washed,Harvest Time December - April,Sub Region Various,,Elevation 1900,Producer Various
293,391,Novo Decaf,Process Washed Sub Region Veracruz Harvest Time November 2017- February 2018,Process Washed,Harvest Time November 2017-February 2018,Sub Region Veracruz,,,
294,155,Decaf Espresso Novo,Process Washed Sub Region Veracruz Harvest Time November 2017-February 2018,Process Washed,Harvest Time November 2017-February 2018,Sub Region Veracruz,,,
295,38,Costa Rica,Process Washed Sub Region West Valley Varietal Caturra Elevation 1400 - 1600,Process Washed,,Sub Region West Valley,Varietal Caturra,Elevation 1400 - 1600,
296,292,"Buufata Konga, Ethiopia",Process Washed Sub Region Yirga Cheffe Harvest Time November-January 2016-2017 Varietal Heirloom Landraces Elevation 2000 - 2000,Process Washed,Harvest Time November-January 2016-2017,Sub Region Yirga Cheffe,Varietal Heirloom Landraces,Elevation 2000 - 2000,
297,98,Ethiopia Yirgacheffe YirgZ,Process Washed Sub Region Yirgacheffe Harvest Time Nov-Jan 2017-18 Varietal Heirloom Elevation 1900 - 2000,Process Washed,Harvest Time Nov-Jan 2017-18,Sub Region Yirgacheffe,Varietal Heirloom,Elevation 1900 - 2000,
298,172,Organic Ethiopia Idido,Process Washed Sub Region Yirgacheffe Harvest Time November - Janurary 2018 Varietal Kudhume Dega & Wolisho Elevation 1900 - 2400,Process Washed,Harvest Time November - Janurary 2018,Sub Region Yirgacheffe,Varietal Kudhume Dega & Wolisho,Elevation 1900 - 2400,
299,169,Ethiopia Debo,Process Washed Sub Region Yirgacheffe Producer Debo Washing Station Varietal Mixed Ethiopian Varieties Elevation 1850 - 2000,Process Washed,,Sub Region Yirgacheffe,Varietal Mixed Ethiopian Varieties,Elevation 1850 - 2000,Producer Debo Washing Station
300,52,Gedeb Alemu,Process Washed Sub Region Yirgacheffe Producer Gedeb Alemu Varietal Ethiopia Heirloom Elevation 1900 - 2100,Process Washed,,Sub Region Yirgacheffe,Varietal Ethiopia Heirloom,Varietal Ethiopia Heirloom Elevation 1900 - 2100,Producer Gedeb Alemu
301,397,"Chelelektu, Ethiopia",Process Washed Sub Region Yirgacheffe Producer Smallholder Farms Varietal Heirloom,Process Washed,Harvest Time Nov-Jan,Sub Region Yirgacheffe,,Elevation 1700 - 2300,Producer YCFCU
302,220,"Konga, Ethiopia",Process Washed Sub Region Yirgacheffe Producer YCFCU Harvest Time Nov-Jan Elevation 1700 - 2300,Process Washed,,,,,
303,112,Ethiopia Yirgz,Process Washed Sub Region Yirgacheffe Varietal Arabica Elevation 1850 - 2100,Process Washed,,Sub Region Yirgacheffe Varietal Arabica Elevation 1850 - 2100,Varietal Arabica ,Elevation 1850 - 2100,
304,442,Ethiopia Bokasso,Process Washed Sub Region Yirgalem District Sidama Producer Bokasso Co-Operative Harvest Time September-December Varietal Ethiopia Heirloom Elevation 1900 - 2100,Process Washed,Harvest Time September-December Varietal Ethiopia Heirloom Elevation 1900 - 2100,Sub Region Yirgalem District Sidama,Varietal Ethiopia Heirloom Elevation 1900 - 2100,Elevation 1900 - 2100,Producer Bokasso Co-Operative 
305,445,Ethiopia Bokasso,Process Washed Sub Region Yirgalem District Sidama Producer Bokasso Co-Operative Harvest Time September-December Varietal Ethiopia Heirloom Elevation 1900 - 2100,Process Washed,Harvest Time September-December,Sub Region Yirgalem District Sidama,Varietal Ethiopia Heirloom Elevation 1900 - 2100,Elevation 1900 - 2100,Producer Bokasso Co-Operative 
306,351,Colombia Santa Barbara Decaf,Process Washed Varietal Arabica Elevation 1400 - 2000,Process Washed,,,Varietal Arabica,Elevation 1400 - 2000,